Workbook

Sheet Summary
A1: Swarm PoC - network fault harness: results summary
A2: Every figure below is a formula over the data sheets, not a typed-in number. Full write-up: docs/findings.md
A4: Result | B4: Value | C4: Where from
A5: Concurrency: mean measured / closed-loop bound | B5: =AVERAGE('exp1 Concurrency'!P5:P14) -> 0.88012956 | C5: exp1. The bound tracks measurement across a 32x range of G.
A6: Concurrency: worst measured / closed-loop bound | B6: =MIN('exp1 Concurrency'!P5:P14) -> 0.8554382 | C6: exp1
A7: Concurrency: total failed requests | B7: =SUM('exp1 Concurrency'!M5:M14) -> 0 | C7: exp1. Zero across the whole sweep.
A8: Concurrency: peak measured throughput (tok/s) | B8: =MAX('exp1 Concurrency'!C5:C14) -> 92.212801 | C8: exp1. Against a capacity bound in column F.
A9: Delay: worst |slope error| vs predicted D | B9: =MAX('exp2 Delay'!F25:F28) -> 0.001888625 | C9: exp2, over the per-depth |error| column.
A10: Delay: lowest R2 of the linear fit | B10: =MIN('exp2 Delay'!G25:G28) -> 0.99999076 | C10: exp2. Latency is linear in per-hop delay with slope D.
A11: Mode check: median |error|, synthetic on nominal bandwidth | B11: =MEDIAN('exp7 Mode check'!M8:M10) -> 0.80718136 | C11: exp7. Tier reference bandwidths are ratios, not achievable values.
A12: Mode check: median |error|, synthetic on fitted B_eff | B12: =MEDIAN('exp7 Mode check'!M5:M7) -> 0.20547303 | C12: exp7. Good at G=1, degrades with concurrency: no CPU contention.
A13: Mode check: fitted effective bandwidth (GB/s) | B13: =MAX('exp7 Mode check'!L5:L10) -> 6.8997309 | C13: exp7. Against a tier-2 nominal of 45 GB/s.
A15: Read these with the limits in docs/findings.md
A16: - One host: all containers share its CPU and memory bandwidth; runs are therefore sequential.
A17: - Tier emulation preserves ratios, not absolute device speeds - exp7 measures the gap as 6.5x for tier 2.
A18: - Synthetic mode models neither CPU contention nor prefill cost, so it over-predicts throughput by 1.6-2.2x even calibrated.
A19: - Virtual-engine results are valid for latency, compute, network and aggregate queueing; not for queue-wait distribution or tail latency.
A20: - Predictions carry no fitted correction: the measured/predicted ratio is the harness's own cost, reported rather than subtracted out.

Sheet Experiment design
A1: Experiment design - what varied, what was held constant, and why
A2: Read this before the data sheets. Where a value had to be chosen rather than swept, the reason is given: a defaulted constant that happens to bind a result is the easiest way to draw a wrong conclusion from a sweep.
A4: sheet | B4: experiment (value in data) | C4: title | D4: question asked | E4: varied | F4: held constant | G4: runs | H4: engine | I4: mode | J4: design notes and why
A5: exp1 Concurrency | B5: 1_concurrency | C5: Concurrency sweep | D5: How does throughput track the utilisation curve as concurrency rises, and where does the system stop scaling? | E5: G: 1, 2, 3, 4, 6, 8, 12, 16, 24, 32 | F5: D=3, W=2, N=6, all tier 2; per-hop delay 5 ms; 500 Mbit/s; prompt 32, gen 8; no churn; hop timeout 2000 ms | G5: 10 | H5: container | I5: synthetic | J5: N=6 so the sweep crosses G=N well inside the range. No churn: a stalled stream would show up as lost throughput that has nothing to do with G. The hop timeout is deliberately generous because a saturated closed-loop system's latency grows as G/X; a shorter one caused tokens to time out, retry, add load and collapse throughput to a fifth of the plateau.
A6: exp2 Delay | B6: 2_delay | C6: Delay sweep | D6: How does per-hop latency accumulate with pipeline depth and link delay? | E6: D: 2, 3, 4, 6 crossed with per-hop delay: 1, 5, 25, 50 ms | F6: W=1, G=1, all tier 2; 500 Mbit/s; prompt 32, gen 8; no churn | G6: 16 | H6: container | I6: synthetic | J6: W=1 and G=1 deliberately: replicas would let queueing confound the hop term, and any concurrency above 1 adds queue wait to the very quantity being decomposed. Total compute is fixed and split across D stages, so compute stays about 60 ms while the network term grows with D. Only the tier-2 link is swept, so the expected slope is D, not D+1: the gateway's entry hop is held fixed and lands in the intercept.
A7: exp4 Failover | B7: 4_failover | C7: Disconnection and failover | D7: How fast is a node loss detected and routed around, and at what cost in failed requests? | E7: Arm W_x_heartbeat: W in {1,2,3} crossed with heartbeat in {250,500,1000} ms. Arm hop_timeout: timeout in {250,1000,2000,5000} ms at W=2, heartbeat 500 ms | F7: D=3, G=6, all tier 2; delay 5 ms; death_after = 4x heartbeat; one kill of a middle-stage replica at t=20 s; duration 50 s | G7: 13 | H7: container | I7: synthetic | J7: The victim is always a middle stage: stage 0 is reached directly from the gateway and the last stage reports back to it, so a middle stage is the case where an upstream worker has to discover the failure. The W=1 arm is the control and has the last-replica guard disabled, or the fault would be silently suppressed and the run would measure nothing. The second arm exists because bring-up showed recovery time tracking the client timeout rather than the detection threshold.
A8: exp7 Mode check | B8: 7_mode_check | C8: Mode check (real vs synthetic) | D8: Do synthetic timings track real ones? This is the experiment that licenses every other synthetic result. | E8: G: 1, 2, 4 crossed with arm: real, synthetic on nominal bandwidth, synthetic on fitted B_eff | F8: D=3, W=1, all tier 2; Qwen2.5-0.5B split 8/8/8 layers; CPU float32; greedy decoding; prompt 32, gen 8; hop timeout 30000 ms; duration 90 s | G8: 9 | H8: container | I8: real and synthetic | J8: Three phases in order: real runs first, then the effective memory bandwidth fitted from them, then synthetic arms on both the nominal and the fitted bandwidth. Comparing a real arm against a synthetic arm fed the tier table's nominal figure would measure that mismatch rather than synthetic mode's fidelity. The large timeout is required because the first token of each request is a prefill, roughly 32x a decode step.
A9: exp1s Report scale | B9: 1s_concurrency_scale | C9: Concurrency at research-report scale | D9: Does the utilisation ramp hold at the research report's own scale, and where does it break? | E9: G: 1, 10, 50, 100, 250, 500, 1000, 1500, 2000 | F9: D=50, W=20, N=1000, all tier 1; delay 1 ms; report_moe (1T MoE, 60B active, INT4); gen 4; no churn; per-hop logging off; duration 180 s | G9: 9 | H9: virtual | I9: synthetic | J9: A reconstruction of the research report's appendix example A, whose figures were derived independently of this code, so agreement is a real check rather than a tautology. N=1000 is about 16x what this host can run as containers, so this is virtual-engine only and is trustworthy only on the axes the engine comparison validates. Per-hop logging is off: at D=50 it would be 51 rows per token.

Sheet Cost model & tiers
A1: The cost model under test, and the emulated device tiers
A2: Everything this harness predicts derives from the expressions below. Measurements are compared against them, never fitted to them.
A4: Governing expressions
A5: quantity | B5: expression | C5: what it means, and what this harness measured about it
A6: T_token | B6: (P_a*b + s*q)/B + D*(l + a/beta) | C6: Per-token latency. The first term uses ONE device's bandwidth B, not the sum over devices: adding devices never shrinks it. Measured here: the D*(l + a/beta) term is confirmed to within 0.2% (experiment 2).
A7: X_max | B7: sum_i(B_i) / (P_a*b + s*q) | C7: Peak throughput: aggregate memory bandwidth divided by bytes read per token. Grows linearly with device count. Measured saturation reaches 0.86-0.98 of it depending on scale.
A8: X(G) | B8: X_max * min(1, G/N) | C8: The utilisation ramp. Measured here to be an UPPER BOUND, not a predictor: it assumes a stream computes continuously, so its slack is the network's share of per-token time. 32% optimistic at container scale (21% network), 1-2% at report scale (1.6% network).
A9: closed-loop rate | B9: min( G/T_token , W/max_k(compute_k) ) | C9: Not in the research report; added here. The smaller of a delay bound and a capacity bound. Tracks measurement at 0.88 +/- 0.03 across a 32x range of G, where the ramp is 32% out.
A10: X_pipe | B10: 1 / max_k(t_k), t_k = (W_k*b + KV_k)/B_k + l | C10: A pipeline runs no faster than its slowest stage. This is where heterogeneity bites: equal sharding across tiers differing 100x in bandwidth lets the weakest node set the clock for everyone.
A11: stage availability | B11: 1 - (1-p)^W | C11: A stage is usable while any one of its W replicas is reachable. Measured as a cliff rather than a slope: at W=1 a single kill failed over a thousand requests and never recovered; at W=2, zero to three.
A12: KV working set | B12: 2*L*d*b_kv * s * G | C12: Scales with context length and concurrency, and competes with weights for the same scarce per-node memory. Not stressed by these experiments (short prompts), so no finding is offered on it.
A14: Symbols
A15: symbol | B15: units | C15: meaning
A16: N | B16: count | C16: Devices in the pool
A17: D, W | B17: count | C17: Pipeline depth (stages) and replica width; N = D x W
A18: B_i | B18: bytes/s | C18: Device i's memory bandwidth - the governing resource, because decode is memory-bound, not compute-bound
A19: P, P_a | B19: count | C19: Total and per-token active parameters (P_a much smaller than P for a sparse MoE)
A20: b | B20: bytes | C20: Bytes per parameter: 2 = FP16, 0.5 = INT4, 4 = FP32
A21: L, d | B21: count | C21: Model layers and hidden dimension
A22: s, q | B22: tokens, bytes | C22: Context length and KV bytes per cached token
A23: a | B23: bytes | C23: Activation payload crossing each hop, about 2*d*b
A24: l, beta | B24: seconds, bytes/s | C24: Per-hop link latency and link bandwidth
A25: G | B25: count | C25: Concurrent independent token streams in flight
A26: p_i | B26: fraction | C26: Device availability: fraction of time reachable
A27: t_k | B27: seconds | C27: Service time of stage k for one token
A29: Model profiles
A30: profile | B30: total params P | C30: active params P_a | D30: bytes/param b | E30: layers L | F30: hidden d | G30: P_a*b (GB) | H30: notes
A31: report_moe | B31: 1e12 | C31: 60e9 | D31: 0.5 | E31: 80 | F31: 8192 | G31: 30 | H31: The research report's appendix model: a 1T-parameter sparse MoE at INT4. Used for the report-scale virtual runs.
A32: poc_small | B32: 50e9 | C32: 5.4e9 | D32: 0.5 | E32: 24 | F32: 2048 | G32: 2.7 | H32: Scaled so synthetic stage times land in the tens of milliseconds, the same order as the emulated hop delays (1-50 ms). The report's own model would give about 3 s per stage, making every container run network-trivial and absurdly slow to gather data from.
A33: qwen_0_5b | B33: 494e6 | C33: 358e6 | D33: 4 | E33: 24 | F33: 896 | G33: 1.432 | H33: Qwen2.5-0.5B-Instruct, used in real mode. active_params counts the 24 decoder layers only: the 136M tied embedding/output matrix sits on the gateway, not on a stage worker. Verified against the downloaded weights (1.432 GB in layers, 544 MB outside).
A35: Device tiers (emulated)
A36: tier | B36: stands for | C36: B (GB/s) | D36: availability p | E36: CPU cores | F36: memory (MB) | G36: link (Mbit/s) | H36: delay (ms)
A37: 3 | B37: Gaming PC (GPU) | C37: 600 | D37: 0.97 | E37: 2 | F37: 4096 | G37: 1000 | H37: 1
A38: 2 | B38: Laptop / idle desktop (CPU) | C38: 45 | D38: 0.9 | E38: 1 | F38: 2048 | G38: 500 | H38: 5
A39: 1 | B39: Single-board computer (Pi-class) | C39: 10 | D39: 0.75 | E39: 0.5 | F39: 1024 | G39: 100 | H39: 10
A40: 0 | B40: Microcontroller / IoT node | C40: 3 | D40: 0.4 | E40: 0.1 | F40: 256 | G40: 10 | H40: 50
A42: - Memory bandwidth and availability drive the cost model; the CPU, memory, link and delay columns are the single-host container emulation. These preserve the tiers' RATIOS, not absolute device speeds. Experiment 7 measures a tier-2 container's real effective bandwidth as 6.9 GB/s against the 45 GB/s nominal - 6.5x slower, and closer to the tier-1 reference than to the tier-2 one it was configured as. Availability and churn session lengths are this harness's own defaults: the research report gives them only qualitatively ("low, bursty" to "high").

Sheet Provenance & limits
A1: Provenance, method, and the limits on these numbers
A2: Taken from the run manifests.
A4: area | B4: item | C4: value
A5: Harness | B5: repository | C5: https://github.com/JohnBullDog/swarm-poc-network-fault-harness
A6: Harness | B6: git commit at run time | C6: (uncommitted at run time)
A7: Harness | B7: container image (synthetic) | C7: n/a
A8: Harness | B8: run manifests | C8: Each run directory under runs/ carries a full manifest: resolved scenario, placement, predictions, fault schedule, suppressed faults, and host facts.
A9: Host | B9: platform | C9: Windows-11-10.0.26200-SP0
A10: Host | B10: python | C10: 3.12.10
A11: Host | B11: docker
A12: Host | B12: docker CPUs
A13: Host | B13: docker memory (bytes)
A14: Host | B14: kernel | C14: WSL2 6.18; sch_netem, sch_tbf and sch_htb verified present and working inside containers before anything was built on them
A15: Host | B15: RAM | C15: 16 GB total; WSL2 ceiling raised from 8 GB to 11 GB
A16: Method | B16: run ordering | C16: Sequential. Two concurrent runs would each measure the other's CPU and memory-bandwidth interference.
A17: Method | B17: clock | C17: All containers share the host's CLOCK_REALTIME and are given one RUN_EPOCH, so one-way hop times are measured directly with no clock synchronisation.
A18: Method | B18: network shaping | C18: tc netem (delay, jitter, loss) nested under tbf (rate cap), applied by each container to its own egress at startup. netem shapes EGRESS, so a hop A->B costs A's configured delay.
A19: Method | B19: activation flow | C19: Forward-only: gateway -> s0 -> ... -> s(D-1) -> gateway, giving D+1 hops. An earlier nested-HTTP version charged 2D hop delays, which would have doubled the delay sweep's slope.
A20: Method | B20: real model | C20: Qwen2.5-0.5B-Instruct, fetched once and bind-mounted read-only, greedy decoding so runs are reproducible and output is checkable.
A21: Method | B21: steady state | C21: Statistics exclude a warm-up interval and, where noted, fault windows. Nothing is deleted: rows carry in_steady_state and fault_window labels.
A23: Limits - these bound what any number here can mean
A24: - ONE HOST. Every container shares its CPU and memory bandwidth. The cgroup limits reduce but do not eliminate the interference.
A25: - TIERS PRESERVE RATIOS, NOT ABSOLUTE SPEEDS. Nothing here says what a Raspberry Pi would actually do. Experiment 7 measures the gap for tier 2 as 6.5x.
A26: - SYNTHETIC MODE MODELS NEITHER CPU CONTENTION NOR PREFILL COST. It over-predicts throughput by 1.6-2.2x even after bandwidth calibration, and its latency error grows with concurrency: 3.9% at G=1, 31% at G=4. Synthetic results speak to network and churn effects, not to a real deployment's absolute throughput.
A27: - VIRTUAL-ENGINE RESULTS are valid for per-token latency, stage compute, network time and AGGREGATE queueing (agreeing with containers to a few per cent) and over-predict throughput by 6-8%. They are NOT valid for queue-wait distribution or tail latency: deterministic service concentrates all waiting in a third of hops where real jitter smears it.
A28: - PREDICTIONS CARRY NO FITTED CORRECTION. The measured/predicted ratio is the harness's own cost, reported rather than subtracted out. An earlier fitted correction was removed after it proved circular and then load-dependent.
A29: - tc IS NOT A HOME NETWORK. It models delay and loss well, not the full behaviour of real links. The virtual engine's loss model charges one round trip per lost segment, which is TCP's best case, so its loss results are a lower bound on the real penalty.
A30: - NO INTEGRITY, SECURITY OR TRUST MODELLING. All containers are trusted. The research report's verification questions are explicitly out of scope for this harness.

Sheet exp1 Concurrency
A1: Experiment 1 - Concurrency sweep
A2: D=3, W=2, N=6 tier-2 nodes, poc_small, no churn. Blue = measured or predicted from the dataset; black = computed in-sheet.
A4: concurrency_G | B4: n_nodes_N | C4: meas_throughput_tok_s | D4: pred_x_of_g_tok_s | E4: pred_x_delay_bound_tok_s | F4: pred_x_capacity_compute_tok_s | G4: pred_x_closed_loop_tok_s | H4: meas_t_token_s_p50 | I4: meas_t_token_s_p95 | J4: pred_t_token_s | K4: mean_busy_frac | L4: requests_ok | M4: requests_failed | N4: run_id | O4: X / ramp | P4: X / closed-loop | Q4: p50 (ms)
A5: 1 | B5: 6 | C5: 11.228493 | D5: 16.647271 | E5: 13.126014 | F5: 99.883627 | G5: 13.126014 | H5: 0.084524155 | I5: 0.087335992 | J5: 0.076184593 | K5: 0.11610047 | L5: 88 | M5: 0 | N5: exp1_concurrency_g01-20261029T191409Z | O5: =C5/D5 -> 0.67449453 | P5: =C5/G5 -> 0.8554382 | Q5: =H5*1000 -> 84.524155
A6: 2 | B6: 6 | C6: 22.564703 | D6: 33.294542 | E6: 26.252027 | F6: 99.883627 | G6: 26.252027 | H6: 0.084240675 | I6: 0.087430215 | J6: 0.076184593 | K6: 0.23439478 | L6: 176 | M6: 0 | N6: exp1_concurrency_g02-20261029T191523Z | O6: =C6/D6 -> 0.6777298 | P6: =C6/G6 -> 0.85954138 | Q6: =H6*1000 -> 84.240675
A7: 3 | B7: 6 | C7: 33.759524 | D7: 49.941814 | E7: 39.378041 | F7: 99.883627 | G7: 39.378041 | H7: 0.084113836 | I7: 0.089408958 | J7: 0.076184593 | K7: 0.35081209 | L7: 264 | M7: 0 | N7: exp1_concurrency_g03-20261029T191637Z | O7: =C7/D7 -> 0.67597714 | P7: =C7/G7 -> 0.85731854 | Q7: =H7*1000 -> 84.113836
A8: 4 | B8: 6 | C8: 44.944281 | D8: 66.589085 | E8: 52.504054 | F8: 99.883627 | G8: 52.504054 | H8: 0.084147215 | I8: 0.091146374 | J8: 0.076184593 | K8: 0.46887612 | L8: 352 | M8: 0 | N8: exp1_concurrency_g04-20261029T191751Z | O8: =C8/D8 -> 0.67494967 | P8: =C8/G8 -> 0.85601544 | Q8: =H8*1000 -> 84.147215
A9: 6 | B9: 6 | C9: 67.817708 | D9: 99.883627 | E9: 78.756081 | F9: 99.883627 | G9: 78.756081 | H9: 0.083893299 | I9: 0.088438845 | J9: 0.076184593 | K9: 0.700021 | L9: 528 | M9: 0 | N9: exp1_concurrency_g06-20261029T191904Z | O9: =C9/D9 -> 0.67896722 | P9: =C9/G9 -> 0.86111075 | Q9: =H9*1000 -> 83.893299
A10: 8 | B10: 6 | C10: 88.869581 | D10: 99.883627 | E10: 105.00811 | F10: 99.883627 | G10: 99.883627 | H10: 0.085001111 | I10: 0.091685224 | J10: 0.076184593 | K10: 0.91141507 | L10: 694 | M10: 0 | N10: exp1_concurrency_g08-20261029T192019Z | O10: =C10/D10 -> 0.88973122 | P10: =C10/G10 -> 0.88973122 | Q10: =H10*1000 -> 85.001111
A11: 12 | B11: 6 | C11: 89.546012 | D11: 99.883627 | E11: 157.51216 | F11: 99.883627 | G11: 99.883627 | H11: 0.12789011 | I11: 0.13188651 | J11: 0.076184593 | K11: 0.91550242 | L11: 696 | M11: 0 | N11: exp1_concurrency_g12-20261029T192134Z | O11: =C11/D11 -> 0.89650341 | P11: =C11/G11 -> 0.89650341 | Q11: =H11*1000 -> 127.89011
A12: 16 | B12: 6 | C12: 92.212801 | D12: 99.883627 | E12: 210.01622 | F12: 99.883627 | G12: 99.883627 | H12: 0.16959667 | I12: 0.17353384 | J12: 0.076184593 | K12: 0.93289501 | L12: 704 | M12: 0 | N12: exp1_concurrency_g16-20261029T192249Z | O12: =C12/D12 -> 0.92320237 | P12: =C12/G12 -> 0.92320237 | Q12: =H12*1000 -> 169.59667
A13: 24 | B13: 6 | C13: 89.876374 | D13: 99.883627 | E13: 315.02432 | F13: 99.883627 | G13: 99.883627 | H13: 0.25527906 | I13: 0.25910437 | J13: 0.076184593 | K13: 0.92551232 | L13: 696 | M13: 0 | N13: exp1_concurrency_g24-20261029T192403Z | O13: =C13/D13 -> 0.89981088 | P13: =C13/G13 -> 0.89981088 | Q13: =H13*1000 -> 255.27906
A14: 32 | B14: 6 | C14: 90.157296 | D14: 99.883627 | E14: 420.03243 | F14: 99.883627 | G14: 99.883627 | H14: 0.33914065 | I14: 0.34384387 | J14: 0.076184593 | K14: 0.93330344 | L14: 704 | M14: 0 | N14: exp1_concurrency_g32-20261029T192519Z | O14: =C14/D14 -> 0.90262336 | P14: =C14/G14 -> 0.90262336 | Q14: =H14*1000 -> 339.14065

Sheet exp2 Delay
A1: Experiment 2 - Delay sweep
A2: W=1, G=1 so no queueing confounds the hop term. The slope of latency against per-hop delay should equal D: only the tier-2 link is swept, and tier-2 nodes send D of the path's D+1 hops.
A4: depth_D | B4: sweep_delay_ms | C4: meas_t_token_s_p50 | D4: pred_t_token_s | E4: pred_t_token_s_report | F4: meas_throughput_tok_s | G4: latency_ratio_p50_over_pred | H4: tokens_steady | I4: run_id | J4: p50 (ms)
A5: 2 | B5: 1 | C5: 0.069268227 | D5: 0.063151825 | E5: 0.062135441 | F5: 13.836299 | G5: 1.0968523 | H5: 571 | I5: exp2_delay_d2_l01ms-20261029T192644Z | J5: =C5*1000 -> 69.268227
A6: 2 | B6: 5 | C6: 0.077233791 | D6: 0.071151825 | E6: 0.070135441 | F6: 12.381958 | G6: 1.0854787 | H6: 512 | I6: exp2_delay_d2_l05ms-20261029T192740Z | J6: =C6*1000 -> 77.233791
A7: 2 | B7: 25 | C7: 0.11724663 | D7: 0.11115183 | E7: 0.11013544 | F7: 8.1968213 | G7: 1.0548331 | H7: 339 | I7: exp2_delay_d2_l25ms-20261029T192837Z | J7: =C7*1000 -> 117.24663
A8: 2 | B8: 50 | C8: 0.16732049 | D8: 0.16115183 | E8: 0.16013544 | F8: 5.6160938 | G8: 1.0382786 | H8: 239 | I8: exp2_delay_d2_l50ms-20261029T192933Z | J8: =C8*1000 -> 167.32049
A9: 3 | B9: 1 | C9: 0.07255888 | D9: 0.064184593 | E9: 0.063168209 | F9: 12.807065 | G9: 1.1304719 | H9: 545 | I9: exp2_delay_d3_l01ms-20261029T193028Z | J9: =C9*1000 -> 72.55888
A10: 3 | B10: 5 | C10: 0.084547043 | D10: 0.076184593 | E10: 0.075168209 | F10: 11.404676 | G10: 1.1097656 | H10: 471 | I10: exp2_delay_d3_l05ms-20261029T193126Z | J10: =C10*1000 -> 84.547043
A11: 3 | B11: 25 | C11: 0.14468408 | D11: 0.13618459 | E11: 0.13516821 | F11: 6.6925288 | G11: 1.0624115 | H11: 277 | I11: exp2_delay_d3_l25ms-20261029T193222Z | J11: =C11*1000 -> 144.68408
A12: 3 | B12: 50 | C12: 0.219733 | D12: 0.21118459 | E12: 0.21016821 | F12: 4.4129963 | G12: 1.0404784 | H12: 182 | I12: exp2_delay_d3_l50ms-20261029T193319Z | J12: =C12*1000 -> 219.733
A13: 4 | B13: 1 | C13: 0.07541585 | D13: 0.065217361 | E13: 0.064200977 | F13: 12.717202 | G13: 1.1563769 | H13: 541 | I13: exp2_delay_d4_l01ms-20261029T193416Z | J13: =C13*1000 -> 75.41585
A14: 4 | B14: 5 | C14: 0.090736866 | D14: 0.081217361 | E14: 0.080200977 | F14: 10.317189 | G14: 1.1172102 | H14: 439 | I14: exp2_delay_d4_l05ms-20261029T193512Z | J14: =C14*1000 -> 90.736866
A15: 4 | B15: 25 | C15: 0.17083573 | D15: 0.16121736 | E15: 0.16020098 | F15: 5.510645 | G15: 1.0596609 | H15: 235 | I15: exp2_delay_d4_l25ms-20261029T193609Z | J15: =C15*1000 -> 170.83573
A16: 4 | B16: 50 | C16: 0.27080488 | D16: 0.26121736 | E16: 0.26020098 | F16: 3.5987582 | G16: 1.0367032 | H16: 149 | I16: exp2_delay_d4_l50ms-20261029T193705Z | J16: =C16*1000 -> 270.80488
... A20: 6 | B20: 50 | C20: 0.37147856 | D20: 0.3612829 | E20: 0.36026651 | F20: 2.5351176 | G20: 1.0282207 | H20: 108 | I20: exp2_delay_d6_l50ms-20261029T194056Z | J20: =C20*1000 -> 371.47856
A23: Measured slope per depth (SLOPE of p50 in ms against delay in ms)
A24: depth D | B24: rows | C24: measured slope | D24: predicted slope (= D) | E24: error % | F24: |error| % | G24: R2
A25: 2 | B25: 5:8 | C25: =SLOPE(J5:J8,B5:B8) -> 2.0013089 | D25: =A25 -> 2 | E25: =(C25-D25)/D25 -> 0.00065443505 | F25: =ABS(E25) -> 0.00065443505 | G25: =RSQ(J5:J8,B5:B8) -> 0.9999997
A26: 3 | B26: 9:12 | C26: =SLOPE(J9:J12,B9:B12) -> 3.0039419 | D26: =A26 -> 3 | E26: =(C26-D26)/D26 -> 0.0013139756 | F26: =ABS(E26) -> 0.0013139756 | G26: =RSQ(J9:J12,B9:B12) -> 0.99999985
A27: 4 | B27: 13:16 | C27: =SLOPE(J13:J16,B13:B16) -> 3.9929986 | D27: =A27 -> 4 | E27: =(C27-D27)/D27 -> -0.0017503456 | F27: =ABS(E27) -> 0.0017503456 | G27: =RSQ(J13:J16,B13:B16) -> 0.99999076
A28: 6 | B28: 17:20 | C28: =SLOPE(J17:J20,B17:B20) -> 6.0113318 | D28: =A28 -> 6 | E28: =(C28-D28)/D28 -> 0.001888625 | F28: =ABS(E28) -> 0.001888625 | G28: =RSQ(J17:J20,B17:B20) -> 0.99999812

Sheet exp4 Failover
A1: Experiment 4 - Disconnection and failover
A2: One kill of a middle-stage replica at t=20 s. death_after = 4 x heartbeat. Arm W_x_heartbeat varies replica count and heartbeat; arm hop_timeout varies the client timeout at W=2, heartbeat 500 ms. A blank recovery means the stage never recovered (W=1: no replica).
A4: sweep_arm | B4: width_W | C4: heartbeat_ms | D4: death_after_ms | E4: sweep_hop_timeout_ms | F4: concurrency_G | G4: requests_ok | H4: requests_failed | I4: retries_total | J4: detection_s_mean | K4: recovery_s_mean | L4: meas_throughput_tok_s | M4: run_id
A5: W_x_heartbeat | B5: 1 | C5: 250 | D5: 1000 | E5: 500 | F5: 6 | G5: 108 | H5: 1183 | I5: 7 | J5: 0.67995095 | L5: 42.945149 | M5: exp4_failover_w1_hb0250-20261029T194200Z
A6: W_x_heartbeat | B6: 1 | C6: 500 | D6: 2000 | E6: 500 | F6: 6 | G6: 108 | H6: 1155 | I6: 0 | J6: 1.3389103 | L6: 43.13578 | M6: exp4_failover_w1_hb0500-20261029T194303Z
A7: W_x_heartbeat | B7: 1 | C7: 1000 | D7: 4000 | E7: 500 | F7: 6 | G7: 108 | H7: 1081 | I7: 0 | J7: 3.2179189 | L7: 43.374328 | M7: exp4_failover_w1_hb1000-20261029T194404Z
A8: W_x_heartbeat | B8: 2 | C8: 250 | D8: 1000 | E8: 500 | F8: 6 | G8: 342 | H8: 0 | I8: 24 | J8: 0.69779086 | K8: 0.77799296 | L8: 50.533967 | M8: exp4_failover_w2_hb0250-20261029T194506Z
A9: W_x_heartbeat | B9: 2 | C9: 500 | D9: 2000 | E9: 500 | F9: 6 | G9: 339 | H9: 1 | I9: 15 | J9: 1.3194675 | K9: 1.3955455 | L9: 50.448397 | M9: exp4_failover_w2_hb0500-20261029T194610Z
A10: W_x_heartbeat | B10: 2 | C10: 1000 | D10: 4000 | E10: 500 | F10: 6 | G10: 329 | H10: 1 | I10: 37 | J10: 3.6546748 | K10: 3.6570249 | L10: 48.538037 | M10: exp4_failover_w2_hb1000-20261029T194714Z
A11: W_x_heartbeat | B11: 3 | C11: 250 | D11: 1000 | E11: 500 | F11: 6 | G11: 432 | H11: 0 | I11: 9 | J11: 0.48678398 | K11: 0.4986937 | L11: 67.748959 | M11: exp4_failover_w3_hb0250-20261029T194817Z
A12: W_x_heartbeat | B12: 3 | C12: 500 | D12: 2000 | E12: 500 | F12: 6 | G12: 425 | H12: 1 | I12: 13 | J12: 1.3712108 | K12: 1.4027455 | L12: 66.889216 | M12: exp4_failover_w3_hb0500-20261029T194922Z
A13: W_x_heartbeat | B13: 3 | C13: 1000 | D13: 4000 | E13: 500 | F13: 6 | G13: 411 | H13: 0 | I13: 36 | J13: 3.7315283 | K13: 3.751137 | L13: 64.213687 | M13: exp4_failover_w3_hb1000-20261029T195027Z
A14: hop_timeout | B14: 2 | C14: 500 | D14: 2000 | E14: 250 | F14: 6 | G14: 344 | H14: 2 | I14: 23 | J14: 1.4750519 | K14: 1.4923935 | L14: 52.286781 | M14: exp4_timeout_t0250-20261029T195132Z
A15: hop_timeout | B15: 2 | C15: 500 | D15: 2000 | E15: 1000 | F15: 6 | G15: 337 | H15: 0 | I15: 15 | J15: 1.4748719 | K15: 1.944124 | L15: 51.534524 | M15: exp4_timeout_t1000-20261029T195235Z
A16: hop_timeout | B16: 2 | C16: 500 | D16: 2000 | E16: 2000 | F16: 6 | G16: 337 | H16: 0 | I16: 8 | J16: 1.3291893 | K16: 1.8328507 | L16: 51.439964 | M16: exp4_timeout_t2000-20261029T195339Z
A17: hop_timeout | B17: 2 | C17: 500 | D17: 2000 | E17: 5000 | F17: 6 | G17: 328 | H17: 0 | I17: 9 | J17: 1.6424057 | K17: 3.9053695 | L17: 49.540553 | M17: exp4_timeout_t5000-20261029T195442Z

Sheet Recovery per fault
A1: Recovery - one row per injected fault
A2: detection_s: fault to the coordinator marking the node dead. recovery_s: fault to the first successful token routed around it AFTER detection. reroute_s: first token avoiding it at all, which under round-robin is near-instant and says little. stall_s: fault to the last error naming the node.
A4: run_id | B4: node_id | C4: tier | D4: stage | E4: action | F4: fault_sim_ts | G4: detected_sim_ts | H4: first_ok_sim_ts | I4: detection_s | J4: recovery_s | K4: reroute_s | L4: stall_s | M4: tokens_failed_between | N4: scheduled_at_s | O4: apply_ms
A5: exp4_failover_w1_hb0250-20261029T194200Z | B5: n-s1-r0 | C5: 2 | D5: 1 | E5: kill | F5: 24.490442 | G5: 25.170393 | I5: 0.67995095 | M5: 11
A6: exp4_failover_w1_hb0500-20261029T194303Z | B6: n-s1-r0 | C6: 2 | D6: 1 | E6: kill | F6: 23.963559 | G6: 25.302469 | I6: 1.3389103 | M6: 17
A7: exp4_failover_w1_hb1000-20261029T194404Z | B7: n-s1-r0 | C7: 2 | D7: 1 | E7: kill | F7: 24.560527 | G7: 27.778446 | I7: 3.2179189 | M7: 41
A8: exp4_failover_w2_hb0250-20261029T194506Z | B8: n-s1-r0 | C8: 2 | D8: 1 | E8: kill | F8: 24.837765 | G8: 25.535556 | H8: 25.615758 | I8: 0.69779086 | J8: 0.77799296 | K8: 0.041475534 | L8: 1.2517135 | M8: 5
A9: exp4_failover_w2_hb0500-20261029T194610Z | B9: n-s1-r0 | C9: 2 | D9: 1 | E9: kill | F9: 24.624963 | G9: 25.944431 | H9: 26.020509 | I9: 1.3194675 | J9: 1.3955455 | K9: 0.0029480457 | L9: 1.7829149 | M9: 10
A10: exp4_failover_w2_hb1000-20261029T194714Z | B10: n-s1-r0 | C10: 2 | D10: 1 | E10: kill | F10: 24.735205 | G10: 28.38988 | H10: 28.39223 | I10: 3.6546748 | J10: 3.6570249 | K10: 0.01159811 | L10: 3.8322735 | M10: 31
A11: exp4_failover_w3_hb0250-20261029T194817Z | B11: n-s1-r0 | C11: 2 | D11: 1 | E11: kill | F11: 25.485778 | G11: 25.972562 | H11: 25.984471 | I11: 0.48678398 | J11: 0.4986937 | K11: 0.00098156929 | L11: 0.95513535 | M11: 3
A12: exp4_failover_w3_hb0500-20261029T194922Z | B12: n-s1-r0 | C12: 2 | D12: 1 | E12: kill | F12: 24.802928 | G12: 26.174139 | H12: 26.205674 | I12: 1.3712108 | J12: 1.4027455 | K12: 0.0053818226 | L12: 1.825841 | M12: 10
A13: exp4_failover_w3_hb1000-20261029T195027Z | B13: n-s1-r0 | C13: 2 | D13: 1 | E13: kill | F13: 25.810653 | G13: 29.542182 | H13: 29.56179 | I13: 3.7315283 | J13: 3.751137 | K13: 0.014913559 | L13: 3.8319786 | M13: 29
A14: exp4_timeout_t0250-20261029T195132Z | B14: n-s1-r0 | C14: 2 | D14: 1 | E14: kill | F14: 25.457654 | G14: 26.932705 | H14: 26.950047 | I14: 1.4750519 | J14: 1.4923935 | K14: 0.010084152 | L14: 1.7666984 | M14: 21
A15: exp4_timeout_t1000-20261029T195235Z | B15: n-s1-r0 | C15: 2 | D15: 1 | E15: kill | F15: 25.425681 | G15: 26.900553 | H15: 27.369805 | I15: 1.4748719 | J15: 1.944124 | K15: 0.0043125153 | L15: 2.412564 | M15: 6
A16: exp4_timeout_t2000-20261029T195339Z | B16: n-s1-r0 | C16: 2 | D16: 1 | E16: kill | F16: 25.317436 | G16: 26.646625 | H16: 27.150287 | I16: 1.3291893 | J16: 1.8328507 | K16: 0.011049747 | L16: 2.1852 | M16: 1
A17: exp4_timeout_t5000-20261029T195442Z | B17: n-s1-r0 | C17: 2 | D17: 1 | E17: kill | F17: 25.324196 | G17: 26.966602 | H17: 29.229566 | I17: 1.6424057 | J17: 3.9053695 | K17: 0.0048353672 | L17: 3.7549675 | M17: 5

Sheet exp7 Mode check
A1: Experiment 7 - Mode check: does synthetic timing track real?
A2: Qwen2.5-0.5B split 8/8/8 layers over three tier-2 containers, CPU float32, greedy decoding. 'nominal' uses the tier-2 reference bandwidth of 45 GB/s; 'calibrated' uses B_eff fitted from the real runs. This experiment is what licenses every synthetic result.
A4: concurrency_G | B4: arm | C4: real_run | D4: synthetic_run | E4: real_p50_ms | F4: synthetic_p50_ms | G4: p50_rel_err | H4: real_throughput_tok_s | I4: synthetic_throughput_tok_s | J4: throughput_rel_err | K4: within_tolerance | L4: b_eff_gbs | M4: |p50 error|
A5: 1 | B5: synthetic_calibrated | C5: exp7_real_g1-20261029T233751Z | D5: exp7_synthetic_calibrated_g1-20261029T234552Z | E5: 241.83142 | F5: 232.39136 | G5: -0.039035723 | H5: 2.7215433 | I5: 4.2580742 | J5: 0.56458072 | K5: TRUE | L5: 6.8997309 | M5: =ABS(G5) -> 0.039035723
A6: 2 | B6: synthetic_calibrated | C6: exp7_real_g2-20261029T233956Z | D6: exp7_synthetic_calibrated_g2-20261029T234924Z | E6: 292.98353 | F6: 232.78332 | G6: -0.20547303 | H6: 4.721303 | I6: 8.4849156 | J6: 0.79715548 | K6: FALSE | L6: 6.8997309 | M6: =ABS(G6) -> 0.20547303
A7: 4 | B7: synthetic_calibrated | C7: exp7_real_g4-20261029T234200Z | D7: exp7_synthetic_calibrated_g4-20261029T235255Z | E7: 414.20627 | F7: 284.96909 | G7: -0.31201164 | H7: 6.2895328 | I7: 13.921972 | J7: 1.2135145 | K7: FALSE | L7: 6.8997309 | M7: =ABS(G7) -> 0.31201164
A8: 1 | B8: synthetic_nominal | C8: exp7_real_g1-20261029T233751Z | D8: exp7_synthetic_nominal_g1-20261029T234406Z | E8: 241.83142 | F8: 56.392193 | G8: -0.76681197 | H8: 2.7215433 | I8: 17.010548 | J8: 5.2503317 | K8: FALSE | L8: 6.8997309 | M8: =ABS(G8) -> 0.76681197
A9: 2 | B9: synthetic_nominal | C9: exp7_real_g2-20261029T233956Z | D9: exp7_synthetic_nominal_g2-20261029T234738Z | E9: 292.98353 | F9: 56.492686 | G9: -0.80718136 | H9: 4.721303 | I9: 34.340339 | J9: 6.2734875 | K9: FALSE | L9: 6.8997309 | M9: =ABS(G9) -> 0.80718136
A10: 4 | B10: synthetic_nominal | C10: exp7_real_g4-20261029T234200Z | D10: exp7_synthetic_nominal_g4-20261029T235109Z | E10: 414.20627 | F10: 59.240818 | G10: -0.85697749 | H10: 6.2895328 | I10: 63.850332 | J10: 9.1518401 | K10: FALSE | L10: 6.8997309 | M10: =ABS(G10) -> 0.85697749

Sheet exp1s Report scale
A1: Experiment 1s - Concurrency at report scale (virtual engine)
A2: Reconstruction of the research report's appendix example A: 1000 Pi-class nodes, 1T-param MoE at INT4 with 60B active, D=50, W=20. Virtual engine only - 1000 nodes is ~16x what this host runs as containers. Trustworthy only on the axes the engine comparison validates.
A4: concurrency_G | B4: n_nodes_N | C4: depth_D | D4: width_W | E4: meas_throughput_tok_s | F4: pred_x_of_g_tok_s | G4: pred_x_closed_loop_tok_s | H4: pred_x_max_tok_s | I4: meas_t_token_s_p50 | J4: pred_t_token_s | K4: throughput_efficiency | L4: tokens_steady | M4: run_id | N4: X / ramp
A5: 1 | B5: 1000 | C5: 50 | D5: 20 | E5: 0.33086669 | F5: 0.33333333 | G5: 0.32740272 | H5: 333.33333 | I5: 3.0545389 | J5: 3.0543423 | K5: 0.00099260006 | L5: 52 | M5: exp1s_scale_g0001-20261029T235751Z-virtual | N5: =E5/F5 -> 0.99260006
A6: 10 | B6: 1000 | C6: 50 | D6: 20 | E6: 3.3086669 | F6: 3.3333333 | G6: 3.2740272 | H6: 333.33333 | I6: 3.0545389 | J6: 3.0543423 | K6: 0.0099260006 | L6: 520 | M6: exp1s_scale_g0010-20261029T235757Z-virtual | N6: =E6/F6 -> 0.99260006
A7: 50 | B7: 1000 | C7: 50 | D7: 20 | E7: 16.530711 | F7: 16.666667 | G7: 16.370136 | H7: 333.33333 | I7: 3.0545389 | J7: 3.0543423 | K7: 0.049592133 | L7: 2600 | M7: exp1s_scale_g0050-20261029T235803Z-virtual | N7: =E7/F7 -> 0.99184265
A8: 100 | B8: 1000 | C8: 50 | D8: 20 | E8: 33.036213 | F8: 33.333333 | G8: 32.740272 | H8: 333.33333 | I8: 3.0545389 | J8: 3.0543423 | K8: 0.09910864 | L8: 5200 | M8: exp1s_scale_g0100-20261029T235814Z-virtual | N8: =E8/F8 -> 0.9910864
A9: 250 | B9: 1000 | C9: 50 | D9: 20 | E9: 82.339406 | F9: 83.333333 | G9: 81.850681 | H9: 333.33333 | I9: 3.0545389 | J9: 3.0543423 | K9: 0.24701822 | L9: 13000 | M9: exp1s_scale_g0250-20261029T235831Z-virtual | N9: =E9/F9 -> 0.98807288
A10: 500 | B10: 1000 | C10: 50 | D10: 20 | E10: 163.93113 | F10: 166.66667 | G10: 163.70136 | H10: 333.33333 | I10: 3.0545389 | J10: 3.0543423 | K10: 0.4917934 | L10: 26000 | M10: exp1s_scale_g0500-20261029T235906Z-virtual | N10: =E10/F10 -> 0.9835868
A11: 1000 | B11: 1000 | C11: 50 | D11: 20 | E11: 327.53405 | F11: 333.33333 | G11: 327.40272 | H11: 333.33333 | I11: 3.0544734 | J11: 3.0543423 | K11: 0.98260215 | L11: 52400 | M11: exp1s_scale_g1000-20261030T000013Z-virtual | N11: =E11/F11 -> 0.98260215
A12: 1500 | B12: 1000 | C12: 50 | D12: 20 | E12: 333.36225 | F12: 333.33333 | G12: 333.33333 | H12: 333.33333 | I12: 4.500291 | J12: 3.0543423 | K12: 1.0000868 | L12: 53320 | M12: exp1s_scale_g1500-20261030T000229Z-virtual | N12: =E12/F12 -> 1.0000868
A13: 2000 | B13: 1000 | C13: 50 | D13: 20 | E13: 333.36279 | F13: 333.33333 | G13: 333.33333 | H13: 333.33333 | I13: 6.0004037 | J13: 3.0543423 | K13: 1.0000884 | L13: 53320 | M13: exp1s_scale_g2000-20261030T000458Z-virtual | N13: =E13/F13 -> 1.0000884

Sheet Engine comparison
A1: Engine agreement - virtual against containers
A2: The harness's own measured overhead is fitted per configuration and given to the virtual engine, so what remains is attributable to the engines' models rather than to containerisation. Queue wait is compared as a MEAN: the distributions have the same mass but different shapes, so their medians legitimately differ.
A4: experiment | B4: scenario | C4: concurrency_G | D4: depth_D | E4: width_W | F4: container_run | G4: virtual_run | H4: tokens_container | I4: tokens_virtual | J4: fitted_stage_overhead_ms | K4: fitted_hop_overhead_ms | L4: stage_queue_median_ms_container | M4: stage_queue_median_ms_virtual | N4: t_token_p50_ms_container | O4: t_token_p50_ms_virtual | P4: t_token_p50_ms_rel_err | Q4: t_token_p50_ms_within_tol | R4: throughput_tok_s_container | S4: throughput_tok_s_virtual | T4: throughput_tok_s_rel_err | U4: throughput_tok_s_within_tol | V4: stage_compute_ms_container | W4: stage_compute_ms_virtual | X4: stage_compute_ms_rel_err | Y4: stage_compute_ms_within_tol | Z4: stage_net_ms_container | AA4: stage_net_ms_virtual | AB4: stage_net_ms_rel_err | AC4: stage_net_ms_within_tol | AD4: stage_queue_ms_container | AE4: stage_queue_ms_virtual | AF4: stage_queue_ms_rel_err | AG4: stage_queue_ms_within_tol
A5: exp1 | B5: exp1_concurrency_G01 | C5: 1 | D5: 3 | E5: 2 | F5: exp1_concurrency_g01-20261029T191409Z | G5: exp1_concurrency_g01-20261030T001155Z-cmp | H5: 647 | I5: 661 | J5: 1.2191977 | K5: 0.82553412 | L5: 0.17237663 | M5: 0 | N5: 84.524155 | O5: 83.153061 | P5: -0.016221328 | Q5: TRUE | R5: 11.228493 | S5: 12.028557 | T5: 0.071252954 | U5: TRUE | V5: 21.243334 | W5: 21.245412 | X5: 9.7830505e-05 | Y5: TRUE | Z5: 4.539043 | AA5: 4.5195074 | AB5: -0.0043038925 | AC5: TRUE | AD5: 0.18660019 | AE5: 0 | AF5: -1 | AG5: FALSE
A6: exp1 | B6: exp1_concurrency_G02 | C6: 2 | D6: 3 | E6: 2 | F6: exp1_concurrency_g02-20261029T191523Z | G6: exp1_concurrency_g02-20261030T001156Z-cmp | H6: 1299 | I6: 1326 | J6: 1.2083496 | K6: 0.78130747 | L6: 0.16641617 | M6: 0 | N6: 84.240675 | O6: 82.94361 | P6: -0.015397135 | Q6: TRUE | R6: 22.564703 | S6: 24.123379 | T6: 0.069075825 | U6: TRUE | V6: 21.23189 | W6: 21.234564 | X6: 0.00012595641 | Y6: TRUE | Z6: 4.6593119 | AA6: 4.4766277 | AB6: -0.039208416 | AC6: TRUE | AD6: 0.17848968 | AE6: 0 | AF6: -1 | AG6: FALSE
A7: exp1 | B7: exp1_concurrency_G03 | C7: 3 | D7: 3 | E7: 2 | F7: exp1_concurrency_g03-20261029T191637Z | G7: exp1_concurrency_g03-20261030T001157Z-cmp | H7: 1944 | I7: 1995 | J7: 1.1990513 | K7: 0.72498108 | L7: 0.15902519 | M7: 0 | N7: 84.113836 | O7: 82.690409 | P7: -0.016922625 | Q7: TRUE | R7: 33.759524 | S7: 36.291885 | T7: 0.07501175 | U7: TRUE | V7: 21.222591 | W7: 21.225266 | X7: 0.00012601159 | Y7: TRUE | Z7: 4.5531962 | AA7: 4.4198495 | AB7: -0.029286394 | AC7: TRUE | AD7: 0.21662314 | AE7: 0 | AF7: -1 | AG7: FALSE
A8: exp1 | B8: exp1_concurrency_G04 | C8: 4 | D8: 3 | E8: 2 | F8: exp1_concurrency_g04-20261029T191751Z | G8: exp1_concurrency_g04-20261030T001158Z-cmp | H8: 2589 | I8: 2662 | J8: 1.2023892 | K8: 0.70489432 | L8: 0.15926361 | M8: 0 | N8: 84.147215 | O8: 82.620076 | P8: -0.01814842 | Q8: TRUE | R8: 44.944281 | S8: 48.416401 | T8: 0.077253872 | U8: TRUE | V8: 21.225214 | W8: 21.228604 | X8: 0.00015969442 | Y8: TRUE | Z8: 4.5062072 | AA8: 4.3992029 | AB8: -0.023745998 | AC8: TRUE | AD8: 0.34452173 | AE8: 0 | AF8: -1 | AG8: FALSE
A9: exp1 | B9: exp1_concurrency_G06 | C9: 6 | D9: 3 | E9: 2 | F9: exp1_concurrency_g06-20261029T191904Z | G9: exp1_concurrency_g06-20261030T001200Z-cmp | H9: 3908 | I9: 4024 | J9: 1.043364 | K9: 0.67968155 | L9: 0.14853477 | M9: 0 | N9: 83.893299 | O9: 82.042149 | P9: -0.022065527 | Q9: TRUE | R9: 67.817708 | S9: 73.172859 | T9: 0.078963896 | U9: TRUE | V9: 21.11268 | W9: 21.069578 | X9: -0.0020415255 | Y9: TRUE | Z9: 4.5265773 | AA9: 4.3740988 | AB9: -0.033685164 | AC9: TRUE | AD9: 0.24158754 | AE9: 1.7669332e-15 | AF9: -1 | AG9: FALSE
A10: exp1 | B10: exp1_concurrency_G08 | C10: 8 | D10: 3 | E10: 2 | F10: exp1_concurrency_g08-20261029T192019Z | G10: exp1_concurrency_g08-20261030T001202Z-cmp | H10: 5120 | I10: 5278 | J10: 0.82151547 | K10: 0.64958121 | L10: 0.26154518 | M10: 0.0036408889 | N10: 85.001111 | O10: 83.389463 | P10: -0.018960316 | Q10: TRUE | R10: 88.869581 | S10: 95.969608 | T10: 0.079892658 | U10: TRUE | V10: 20.835161 | W10: 20.84773 | X10: 0.00060324292 | Y10: TRUE | Z10: 4.5364389 | AA10: 4.3435545 | AB10: -0.042518886 | AC10: TRUE | AD10: 0.90669042 | AE10: 0.711452 | AF10: -0.21533085 | AG10: TRUE
A11: exp1 | B11: exp1_concurrency_G12 | C11: 12 | D11: 3 | E11: 2 | F11: exp1_concurrency_g12-20261029T192134Z | G11: exp1_concurrency_g12-20261030T001205Z-cmp | H11: 5162 | I11: 5248 | J11: 0.9348239 | K11: 0.66144253 | L11: 15.412211 | M11: 0.0043690667 | N11: 127.89011 | O11: 125.76405 | P11: -0.016624153 | Q11: TRUE | R11: 89.546012 | S11: 95.440358 | T11: 0.065824764 | U11: TRUE | V11: 20.927668 | W11: 20.96031 | X11: 0.0015597776 | Y11: TRUE | Z11: 4.6148352 | AA11: 4.355586 | AB11: -0.056177355 | AC11: TRUE | AD11: 15.509506 | AE11: 14.705312 | AF11: -0.051851662 | AG11: TRUE
A12: exp1 | B12: exp1_concurrency_G16 | C12: 16 | D12: 3 | E12: 2 | F12: exp1_concurrency_g16-20261029T192249Z | G12: exp1_concurrency_g16-20261030T001208Z-cmp | H12: 5318 | I12: 5264 | J12: 0.86699382 | K12: 0.63885237 | L12: 22.252202 | M12: 0.0036408889 | N12: 169.59667 | O12: 167.14275 | P12: -0.014469146 | Q12: TRUE | R12: 92.212801 | S12: 95.741974 | T12: 0.038272044 | U12: TRUE | V12: 20.89262 | W12: 20.893208 | X12: 2.815013e-05 | Y12: TRUE | Z12: 4.5353212 | AA12: 4.3331649 | AB12: -0.044573768 | AC12: TRUE | AD12: 29.386712 | AE12: 28.590802 | AF12: -0.027084002 | AG12: TRUE
A13: exp1 | B13: exp1_concurrency_G24 | C13: 24 | D13: 3 | E13: 2 | F13: exp1_concurrency_g24-20261029T192403Z | G13: exp1_concurrency_g24-20261030T001211Z-cmp | H13: 5191 | I13: 5236 | J13: 0.98000422 | K13: 0.66722418 | L13: 22.259474 | M13: 0.0036408889 | N13: 255.27906 | O13: 252.07025 | P13: -0.012569812 | Q13: TRUE | R13: 89.876374 | S13: 95.216537 | T13: 0.059416756 | U13: TRUE | V13: 21.001101 | W13: 21.006219 | X13: 0.00024370546 | Y13: TRUE | Z13: 4.627606 | AA13: 4.3611975 | AB13: -0.057569388 | AC13: TRUE | AD13: 59.725826 | AE13: 56.756374 | AF13: -0.049718047 | AG13: TRUE
A14: exp1 | B14: exp1_concurrency_G32 | C14: 32 | D14: 3 | E14: 2 | F14: exp1_concurrency_g32-20261029T192519Z | G14: exp1_concurrency_g32-20261030T001214Z-cmp | H14: 5215 | I14: 5256 | J14: 0.89721337 | K14: 0.63754107 | L14: 21.779776 | M14: 0.0043690667 | N14: 339.14065 | O14: 334.76902 | P14: -0.012890329 | Q14: TRUE | R14: 90.157296 | S14: 95.5913 | T14: 0.06027249 | U14: TRUE | V14: 20.900011 | W14: 20.9227 | X14: 0.0010855751 | Y14: TRUE | Z14: 4.6914877 | AA14: 4.3315144 | AB14: -0.076729036 | AC14: TRUE | AD14: 89.133699 | AE14: 84.444961 | AF14: -0.052603427 | AG14: TRUE
A15: exp2 | B15: exp2_delay_D2_l01ms | C15: 1 | D15: 2 | E15: 1 | F15: exp2_delay_d2_l01ms-20261029T192644Z | G15: exp2_delay_d2_l01ms-20261030T001219Z-cmp | H15: 571 | I15: 587 | J15: 1.2212463 | K15: 0.83130766 | L15: 0.17094612 | M15: 0 | N15: 69.268227 | O15: 68.094794 | P15: -0.016940412 | Q15: TRUE | R15: 13.836299 | S15: 14.695843 | T15: 0.062122405 | U15: TRUE | V15: 31.256437 | W15: 31.259476 | X15: 9.7208181e-05 | Y15: TRUE | Z15: 1.8688089 | AA15: 1.8558837 | AB15: -0.0069162964 | AC15: TRUE | AD15: 0.18204032 | AE15: 0 | AF15: -1 | AG15: FALSE
A16: exp2 | B16: exp2_delay_D2_l05ms | C16: 1 | D16: 2 | E16: 1 | F16: exp2_delay_d2_l05ms-20261029T192740Z | G16: exp2_delay_d2_l05ms-20261030T001220Z-cmp | H16: 512 | I16: 526 | J16: 1.2099215 | K16: 0.84913756 | L16: 0.16880035 | M16: 0 | N16: 77.233791 | O16: 76.126727 | P16: -0.014333944 | Q16: TRUE | R16: 12.381958 | S16: 13.152996 | T16: 0.062271077 | U16: TRUE | V16: 31.246543 | W16: 31.249243 | X16: 8.6413931e-05 | Y16: TRUE | Z16: 3.87344 | AA16: 3.8756243 | AB16: 0.00056392469 | AC16: TRUE | AD16: 0.18044328 | AE16: 0 | AF16: -1 | AG16: FALSE
... A30: exp2 | B30: exp2_delay_D6_l50ms | C30: 1 | D30: 6 | E30: 1 | F30: exp2_delay_d6_l50ms-20261029T194056Z | G30: exp2_delay_d6_l50ms-20261030T001227Z-cmp | H30: 108 | I30: 109 | J30: 0.23045369 | K30: 0.87353254 | L30: 0.18644333 | M30: 0 | N30: 371.47856 | O30: 368.78909 | P30: -0.0072399131 | Q30: TRUE | R30: 2.5351176 | S30: 2.7255368 | T30: 0.075112567 | U30: TRUE | V30: 10.242462 | W30: 10.243561 | X30: 0.00010727183 | Y30: TRUE | Z30: 46.625837 | AA30: 42.76204 | AB30: -0.082868166 | AC30: TRUE | AD30: 0.20351808 | AE30: 0 | AF30: -1 | AG30: FALSE

Sheet All runs
A1: All runs - every experiment, every column
A2: One row per run, keyed by run_id. Every event table in datasets/ joins to this on run_id. Blank cells are columns that do not apply to that experiment (per-stage groups depend on depth; sweep_* on the axis varied).
A4: experiment | B4: scenario | C4: run_id | D4: engine | E4: mode | F4: depth_D | G4: width_W | H4: n_nodes_N | I4: concurrency_G | J4: placement | K4: model_profile | L4: duration_s | M4: tokens_steady | N4: pred_t_token_s_report | O4: pred_t_token_s | P4: pred_x_max_tok_s | Q4: pred_x_of_g_tok_s | R4: pred_x_delay_bound_tok_s | S4: pred_x_capacity_compute_tok_s | T4: pred_x_closed_loop_tok_s | U4: meas_throughput_tok_s | V4: meas_t_token_s_p50 | W4: meas_t_token_s_p95 | X4: meas_t_token_s_mean | Y4: mean_busy_frac | Z4: requests_ok | AA4: requests_failed | AB4: retries_total | AC4: failovers_total | AD4: throughput_efficiency | AE4: latency_ratio_p50_over_pred | AF4: image_id | AG4: seed | AH4: prompt_tokens | AI4: gen_tokens | AJ4: warmup_s | AK4: heartbeat_ms | AL4: death_after_ms | AM4: churn_kind | AN4: n_faults | AO4: n_departures | AP4: pred_x_pipe_tok_s | AQ4: pred_x_capacity_tok_s | AR4: pred_entry_hop_s | AS4: pred_slowest_stage | AT4: steady_lo_s | AU4: steady_hi_s | AV4: steady_window_s | AW4: tokens_total | AX4: meas_t_token_s_p99 | AY4: requests_started | AZ4: hop_errors | BA4: detection_s_mean | BB4: recovery_s_mean | BC4: latency_ratio_meas_over_pred | BD4: tokens_clean | BE4: fault_window_s | BF4: meas_throughput_tok_s_nofault | BG4: meas_t_token_s_p50_nofault | BH4: meas_t_token_s_mean_nofault | BI4: stalled_tokens | BJ4: n_tier2 | BK4: stage0_compute_s_mean | BL4: stage0_queue_wait_s_mean | BM4: stage0_net_s_mean | BN4: stage0_hops | BO4: stage1_compute_s_mean | BP4: stage1_queue_wait_s_mean | BQ4: stage1_net_s_mean | BR4: stage1_hops | BS4: stage2_compute_s_mean | BT4: stage2_queue_wait_s_mean | BU4: stage2_net_s_mean | BV4: stage2_hops | BW4: stage3_compute_s_mean | BX4: stage3_queue_wait_s_mean | BY4: stage3_net_s_mean | BZ4: stage3_hops | CA4: sweep_concurrency_G | CB4: sweep_hop_timeout_ms | CC4: sweep_depth_D | CD4: sweep_delay_ms | CE4: stage4_compute_s_mean | CF4: stage4_queue_wait_s_mean | CG4: stage4_net_s_mean | CH4: stage4_hops | CI4: stage5_compute_s_mean | CJ4: stage5_queue_wait_s_mean | CK4: stage5_net_s_mean | CL4: stage5_hops | CM4: stage6_compute_s_mean | CN4: stage6_queue_wait_s_mean | CO4: stage6_net_s_mean | CP4: stage6_hops | CQ4: sweep_width_W | CR4: sweep_heartbeat_ms | CS4: sweep_arm | CT4: n_tier1 | CU4: sweep_n_nodes
A5: 1_concurrency | B5: exp1_concurrency_G01 | C5: exp1_concurrency_g01-20261029T191409Z | D5: container | E5: synthetic | F5: 3 | G5: 2 | H5: 6 | I5: 1 | J5: capability_proportional | K5: poc_small | L5: 60 | M5: 647 | N5: 0.075168209 | O5: 0.076184593 | P5: 99.883627 | Q5: 16.647271 | R5: 13.126014 | S5: 99.883627 | T5: 13.126014 | U5: 11.228493 | V5: 0.084524155 | W5: 0.087335992 | X5: 0.088675503 | Y5: 0.11610047 | Z5: 88 | AA5: 0 | AB5: 0 | AC5: 0 | AD5: 0.11241575 | AE5: 1.1094652 | AF5: sha256:01857acd68d2 | AG5: 42 | AH5: 32 | AI5: 8 | AJ5: 5 | AK5: 500 | AL5: 2000 | AM5: none | AN5: 0 | AO5: 0 | AP5: 39.910489 | AQ5: 79.820979 | AR5: 0.001016384 | AS5: 0 | AT5: 9.7969394 | AU5: 67.418205 | AV5: 57.621266 | AW5: 704 | AX5: 0.096992521 | AY5: 88 | AZ5: 0 | BC5: 1.1639558 | BD5: 647 | BE5: 0 | BF5: 11.228493 | BG5: 0.084524155 | BH5: 0.088675503 | BI5: 4 | BJ5: 6 | BK5: 0.022182279 | BL5: 0.00018410005 | BM5: 0.0018479249 | BN5: 647 | BO5: 0.021150941 | BP5: 0.00018887652 | BQ5: 0.0058861494 | BR5: 647 | BS5: 0.022115299 | BT5: 0.00018682399 | BU5: 0.0058830547 | BV5: 647 | BW5: 0 | BX5: 0 | BY5: 0.0069061339 | BZ5: 647 | CA5: 1 | CB5: 2000
A6: 1_concurrency | B6: exp1_concurrency_G02 | C6: exp1_concurrency_g02-20261029T191523Z | D6: container | E6: synthetic | F6: 3 | G6: 2 | H6: 6 | I6: 2 | J6: capability_proportional | K6: poc_small | L6: 60 | M6: 1299 | N6: 0.075168209 | O6: 0.076184593 | P6: 99.883627 | Q6: 33.294542 | R6: 26.252027 | S6: 99.883627 | T6: 26.252027 | U6: 22.564703 | V6: 0.084240675 | W6: 0.087430215 | X6: 0.088348646 | Y6: 0.23439478 | Z6: 176 | AA6: 0 | AB6: 0 | AC6: 0 | AD6: 0.22590993 | AE6: 1.1057442 | AF6: sha256:01857acd68d2 | AG6: 42 | AH6: 32 | AI6: 8 | AJ6: 5 | AK6: 500 | AL6: 2000 | AM6: none | AN6: 0 | AO6: 0 | AP6: 39.910489 | AQ6: 79.820979 | AR6: 0.001016384 | AS6: 0 | AT6: 9.1690311 | AU6: 66.736816 | AV6: 57.567785 | AW6: 1414 | AX6: 0.090937281 | AY6: 178 | AZ6: 0 | BC6: 1.1596655 | BD6: 1299 | BE6: 0 | BF6: 22.564703 | BG6: 0.084240675 | BH6: 0.088348646 | BI6: 8 | BJ6: 6 | BK6: 0.023619776 | BL6: 0.00017370318 | BM6: 0.0023104086 | BN6: 1298 | BO6: 0.021159733 | BP6: 0.00017795522 | BQ6: 0.0058269436 | BR6: 1298 | BS6: 0.021619308 | BT6: 0.00018381062 | BU6: 0.0058405835 | BV6: 1298 | BW6: 0 | BX6: 0 | BY6: 0.0064449692 | BZ6: 1299 | CA6: 2 | CB6: 2000
A7: 1_concurrency | B7: exp1_concurrency_G03 | C7: exp1_concurrency_g03-20261029T191637Z | D7: container | E7: synthetic | F7: 3 | G7: 2 | H7: 6 | I7: 3 | J7: capability_proportional | K7: poc_small | L7: 60 | M7: 1944 | N7: 0.075168209 | O7: 0.076184593 | P7: 99.883627 | Q7: 49.941814 | R7: 39.378041 | S7: 99.883627 | T7: 39.378041 | U7: 33.759524 | V7: 0.084113836 | W7: 0.089408958 | X7: 0.088637427 | Y7: 0.35081209 | Z7: 264 | AA7: 0 | AB7: 0 | AC7: 0 | AD7: 0.33798857 | AE7: 1.1040794 | AF7: sha256:01857acd68d2 | AG7: 42 | AH7: 32 | AI7: 8 | AJ7: 5 | AK7: 500 | AL7: 2000 | AM7: none | AN7: 0 | AO7: 0 | AP7: 39.910489 | AQ7: 79.820979 | AR7: 0.001016384 | AS7: 0 | AT7: 9.832746 | AU7: 67.416496 | AV7: 57.58375 | AW7: 2115 | AX7: 0.092994757 | AY7: 267 | AZ7: 0 | BC7: 1.1634561 | BD7: 1944 | BE7: 0 | BF7: 33.759524 | BG7: 0.084113836 | BH7: 0.088637427 | BI7: 12 | BJ7: 6 | BK7: 0.021767036 | BL7: 0.00025323677 | BM7: 0.001759009 | BN7: 1941 | BO7: 0.023105685 | BP7: 0.00020458487 | BQ7: 0.0057916064 | BR7: 1942 | BS7: 0.021780031 | BT7: 0.00019209191 | BU7: 0.0061059351 | BV7: 1944 | BW7: 0 | BX7: 0 | BY7: 0.0062098303 | BZ7: 1944 | CA7: 3 | CB7: 2000
A8: 1_concurrency | B8: exp1_concurrency_G04 | C8: exp1_concurrency_g04-20261029T191751Z | D8: container | E8: synthetic | F8: 3 | G8: 2 | H8: 6 | I8: 4 | J8: capability_proportional | K8: poc_small | L8: 60 | M8: 2589 | N8: 0.075168209 | O8: 0.076184593 | P8: 99.883627 | Q8: 66.589085 | R8: 52.504054 | S8: 99.883627 | T8: 52.504054 | U8: 44.944281 | V8: 0.084147215 | W8: 0.091146374 | X8: 0.088740095 | Y8: 0.46887612 | Z8: 352 | AA8: 0 | AB8: 0 | AC8: 0 | AD8: 0.44996645 | AE8: 1.1045175 | AF8: sha256:01857acd68d2 | AG8: 42 | AH8: 32 | AI8: 8 | AJ8: 5 | AK8: 500 | AL8: 2000 | AM8: none | AN8: 0 | AO8: 0 | AP8: 39.910489 | AQ8: 79.820979 | AR8: 0.001016384 | AS8: 0 | AT8: 9.4292037 | AU8: 67.033863 | AV8: 57.604659 | AW8: 2817 | AX8: 0.095674658 | AY8: 353 | AZ8: 0 | BC8: 1.1648037 | BD8: 2589 | BE8: 0 | BF8: 44.944281 | BG8: 0.084147215 | BH8: 0.088740095 | BI8: 16 | BJ8: 6 | BK8: 0.023022913 | BL8: 0.00033343092 | BM8: 0.0017297448 | BN8: 2585 | BO8: 0.022610969 | BP8: 0.00046233289 | BQ8: 0.0060050431 | BR8: 2587 | BS8: 0.021155288 | BT8: 0.00023787525 | BU8: 0.005780702 | BV8: 2589 | BW8: 0 | BX8: 0 | BY8: 0.0059627435 | BZ8: 2589 | CA8: 4 | CB8: 2000
A9: 1_concurrency | B9: exp1_concurrency_G06 | C9: exp1_concurrency_g06-20261029T191904Z | D9: container | E9: synthetic | F9: 3 | G9: 2 | H9: 6 | I9: 6 | J9: capability_proportional | K9: poc_small | L9: 60 | M9: 3908 | N9: 0.075168209 | O9: 0.076184593 | P9: 99.883627 | Q9: 99.883627 | R9: 78.756081 | S9: 99.883627 | T9: 78.756081 | U9: 67.817708 | V9: 0.083893299 | W9: 0.088438845 | X9: 0.088200871 | Y9: 0.700021 | Z9: 528 | AA9: 0 | AB9: 0 | AC9: 0 | AD9: 0.67896722 | AE9: 1.1011846 | AF9: sha256:01857acd68d2 | AG9: 42 | AH9: 32 | AI9: 8 | AJ9: 5 | AK9: 500 | AL9: 2000 | AM9: none | AN9: 0 | AO9: 0 | AP9: 39.910489 | AQ9: 79.820979 | AR9: 0.001016384 | AS9: 0 | AT9: 9.3994679 | AU9: 67.024535 | AV9: 57.625067 | AW9: 4254 | AX9: 0.091762068 | AY9: 534 | AZ9: 0 | BC9: 1.1577258 | BD9: 3908 | BE9: 0 | BF9: 67.817708 | BG9: 0.083893299 | BH9: 0.088200871 | BI9: 24 | BJ9: 6 | BK9: 0.022147341 | BL9: 0.00028297452 | BM9: 0.0018554656 | BN9: 3905 | BO9: 0.022123786 | BP9: 0.00022902076 | BQ9: 0.0057767586 | BR9: 3906 | BS9: 0.02220607 | BT9: 0.00021279267 | BU9: 0.0059460969 | BV9: 3908 | BW9: 0 | BX9: 0 | BY9: 0.0060077968 | BZ9: 3908 | CA9: 6 | CB9: 2000
A10: 1_concurrency | B10: exp1_concurrency_G08 | C10: exp1_concurrency_g08-20261029T192019Z | D10: container | E10: synthetic | F10: 3 | G10: 2 | H10: 6 | I10: 8 | J10: capability_proportional | K10: poc_small | L10: 60 | M10: 5120 | N10: 0.075168209 | O10: 0.076184593 | P10: 99.883627 | Q10: 99.883627 | R10: 105.00811 | S10: 99.883627 | T10: 99.883627 | U10: 88.869581 | V10: 0.085001111 | W10: 0.091685224 | X10: 0.089766552 | Y10: 0.91141507 | Z10: 694 | AA10: 0 | AB10: 0 | AC10: 0 | AD10: 0.88973122 | AE10: 1.1157257 | AF10: sha256:01857acd68d2 | AG10: 42 | AH10: 32 | AI10: 8 | AJ10: 5 | AK10: 500 | AL10: 2000 | AM10: none | AN10: 0 | AO10: 0 | AP10: 39.910489 | AQ10: 79.820979 | AR10: 0.001016384 | AS10: 0 | AT10: 9.6944435 | AU10: 67.306957 | AV10: 57.612514 | AW10: 5568 | AX10: 0.09456919 | AY10: 698 | AZ10: 0 | BC10: 1.178277 | BD10: 5120 | BE10: 0 | BF10: 88.869581 | BG10: 0.085001111 | BH10: 0.089766552 | BI10: 32 | BJ10: 6 | BK10: 0.02183898 | BL10: 0.001461493 | BM10: 0.0016847951 | BN10: 5114 | BO10: 0.021889708 | BP10: 0.00064555153 | BQ10: 0.0060132389 | BR10: 5116 | BS10: 0.021760152 | BT10: 0.0006133583 | BU10: 0.0059096311 | BV10: 5118 | BW10: 0 | BX10: 0 | BY10: 0.0064599922 | BZ10: 5120 | CA10: 8 | CB10: 2000
A11: 1_concurrency | B11: exp1_concurrency_G12 | C11: exp1_concurrency_g12-20261029T192134Z | D11: container | E11: synthetic | F11: 3 | G11: 2 | H11: 6 | I11: 12 | J11: capability_proportional | K11: poc_small | L11: 60 | M11: 5162 | N11: 0.075168209 | O11: 0.076184593 | P11: 99.883627 | Q11: 99.883627 | R11: 157.51216 | S11: 99.883627 | T11: 99.883627 | U11: 89.546012 | V11: 0.12789011 | W11: 0.13188651 | X11: 0.13376891 | Y11: 0.91550242 | Z11: 696 | AA11: 0 | AB11: 0 | AC11: 0 | AD11: 0.89650341 | AE11: 1.6786873 | AF11: sha256:01857acd68d2 | AG11: 42 | AH11: 32 | AI11: 8 | AJ11: 5 | AK11: 500 | AL11: 2000 | AM11: none | AN11: 0 | AO11: 0 | AP11: 39.910489 | AQ11: 79.820979 | AR11: 0.001016384 | AS11: 0 | AT11: 9.8305986 | AU11: 67.47694 | AV11: 57.646341 | AW11: 5619 | AX11: 0.1348645 | AY11: 708 | AZ11: 0 | BC11: 1.7558525 | BD11: 5162 | BE11: 0 | BF11: 89.546012 | BG11: 0.12789011 | BH11: 0.13376891 | BI11: 44 | BJ11: 6 | BK11: 0.021819314 | BL11: 0.012061947 | BM11: 0.001735833 | BN11: 5153 | BO11: 0.021819269 | BP11: 0.0010708564 | BQ11: 0.0058462759 | BR11: 5155 | BS11: 0.022054282 | BT11: 0.033377046 | BU11: 0.0062596843 | BV11: 5160 | BW11: 0 | BX11: 0 | BY11: 0.0061745796 | BZ11: 5162 | CA11: 12 | CB11: 2000
A12: 1_concurrency | B12: exp1_concurrency_G16 | C12: exp1_concurrency_g16-20261029T192249Z | D12: container | E12: synthetic | F12: 3 | G12: 2 | H12: 6 | I12: 16 | J12: capability_proportional | K12: poc_small | L12: 60 | M12: 5318 | N12: 0.075168209 | O12: 0.076184593 | P12: 99.883627 | Q12: 99.883627 | R12: 210.01622 | S12: 99.883627 | T12: 99.883627 | U12: 92.212801 | V12: 0.16959667 | W12: 0.17353384 | X12: 0.1732968 | Y12: 0.93289501 | Z12: 704 | AA12: 0 | AB12: 0 | AC12: 0 | AD12: 0.92320237 | AE12: 2.2261282 | AF12: sha256:01857acd68d2 | AG12: 42 | AH12: 32 | AI12: 8 | AJ12: 5 | AK12: 500 | AL12: 2000 | AM12: none | AN12: 0 | AO12: 0 | AP12: 39.910489 | AQ12: 79.820979 | AR12: 0.001016384 | AS12: 0 | AT12: 8.839488 | AU12: 66.51044 | AV12: 57.670952 | AW12: 5660 | AX12: 0.17564433 | AY12: 720 | AZ12: 0 | BC12: 2.2746961 | BD12: 5318 | BE12: 0 | BF12: 92.212801 | BG12: 0.16959667 | BH12: 0.1732968 | BI12: 7 | BJ12: 6 | BK12: 0.021417169 | BL12: 0.043856387 | BM12: 0.0016807562 | BN12: 5308 | BO12: 0.021411878 | BP12: 0.022231873 | BQ12: 0.0060084319 | BR12: 5312 | BS12: 0.021413907 | BT12: 0.022088268 | BU12: 0.0059135881 | BV12: 5316 | BW12: 0 | BX12: 0 | BY12: 0.0058737523 | BZ12: 5318 | CA12: 16 | CB12: 2000
A13: 1_concurrency | B13: exp1_concurrency_G24 | C13: exp1_concurrency_g24-20261029T192403Z | D13: container | E13: synthetic | F13: 3 | G13: 2 | H13: 6 | I13: 24 | J13: capability_proportional | K13: poc_small | L13: 60 | M13: 5191 | N13: 0.075168209 | O13: 0.076184593 | P13: 99.883627 | Q13: 99.883627 | R13: 315.02432 | S13: 99.883627 | T13: 99.883627 | U13: 89.876374 | V13: 0.25527906 | W13: 0.25910437 | X13: 0.26677102 | Y13: 0.92551232 | Z13: 696 | AA13: 0 | AB13: 0 | AC13: 0 | AD13: 0.89981088 | AE13: 3.3507965 | AF13: sha256:01857acd68d2 | AG13: 42 | AH13: 32 | AI13: 8 | AJ13: 5 | AK13: 500 | AL13: 2000 | AM13: none | AN13: 0 | AO13: 0 | AP13: 39.910489 | AQ13: 79.820979 | AR13: 0.001016384 | AS13: 0 | AT13: 10.130457 | AU13: 67.887571 | AV13: 57.757114 | AW13: 5649 | AX13: 0.86666989 | AY13: 720 | AZ13: 0 | BC13: 3.50164 | BD13: 5191 | BE13: 0 | BF13: 89.876374 | BG13: 0.25527906 | BH13: 0.26677102 | BI13: 30 | BJ13: 6 | BK13: 0.021970994 | BL13: 0.13391582 | BM13: 0.0017493052 | BN13: 5181 | BO13: 0.021972037 | BP13: 0.022754648 | BQ13: 0.0060951119 | BR13: 5186 | BS13: 0.021967432 | BT13: 0.022607173 | BU13: 0.0060345405 | BV13: 5190 | BW13: 0 | BX13: 0 | BY13: 0.0062790451 | BZ13: 5191 | CA13: 24 | CB13: 2000
A14: 1_concurrency | B14: exp1_concurrency_G32 | C14: exp1_concurrency_g32-20261029T192519Z | D14: container | E14: synthetic | F14: 3 | G14: 2 | H14: 6 | I14: 32 | J14: capability_proportional | K14: poc_small | L14: 60 | M14: 5215 | N14: 0.075168209 | O14: 0.076184593 | P14: 99.883627 | Q14: 99.883627 | R14: 420.03243 | S14: 99.883627 | T14: 99.883627 | U14: 90.157296 | V14: 0.33914065 | W14: 0.34384387 | X14: 0.35472778 | Y14: 0.93330344 | Z14: 704 | AA14: 0 | AB14: 0 | AC14: 0 | AD14: 0.90262336 | AE14: 4.4515648 | AF14: sha256:01857acd68d2 | AG14: 42 | AH14: 32 | AI14: 8 | AJ14: 5 | AK14: 500 | AL14: 2000 | AM14: none | AN14: 0 | AO14: 0 | AP14: 39.910489 | AQ14: 79.820979 | AR14: 0.001016384 | AS14: 0 | AT14: 9.0171492 | AU14: 66.860499 | AV14: 57.84335 | AW14: 5673 | AX14: 0.97602772 | AY14: 736 | AZ14: 0 | BC14: 4.6561617 | BD14: 5215 | BE14: 0 | BF14: 90.157296 | BG14: 0.33914065 | BH14: 0.35472778 | BI14: 0 | BJ14: 6 | BK14: 0.021909013 | BL14: 0.23363107 | BM14: 0.0016973585 | BN14: 5206 | BO14: 0.02185976 | BP14: 0.011666757 | BQ14: 0.0061217186 | BR14: 5209 | BS14: 0.021906863 | BT14: 0.02225069 | BU14: 0.0062521636 | BV14: 5214 | BW14: 0 | BX14: 0 | BY14: 0.0060402144 | BZ14: 5215 | CA14: 32 | CB14: 2000
A15: 2_delay | B15: exp2_delay_D2_l01ms | C15: exp2_delay_d2_l01ms-20261029T192644Z | D15: container | E15: synthetic | F15: 2 | G15: 1 | H15: 2 | I15: 1 | J15: capability_proportional | K15: poc_small | L15: 45 | M15: 571 | N15: 0.062135441 | O15: 0.063151825 | P15: 33.294542 | Q15: 16.647271 | R15: 15.834855 | S15: 33.294542 | T15: 15.834855 | U15: 13.836299 | V15: 0.069268227 | W15: 0.074574232 | X15: 0.072015599 | Y15: 0.41593166 | Z15: 80 | AA15: 0 | AB15: 0 | AC15: 0 | AD15: 0.41557259 | AE15: 1.0968523 | AF15: sha256:01857acd68d2 | AG15: 42 | AH15: 32 | AI15: 8 | AJ15: 5 | AK15: 500 | AL15: 2000 | AM15: none | AN15: 0 | AO15: 0 | AP15: 32.187749 | AQ15: 32.187749 | AR15: 0.001016384 | AS15: 0 | AT15: 9.1516058 | AU15: 50.419867 | AV15: 41.268261 | AW15: 641 | AX15: 0.079121637 | AY15: 81 | AZ15: 0 | BC15: 1.1403566 | BD15: 571 | BE15: 0 | BF15: 13.836299 | BG15: 0.069268227 | BH15: 0.072015599 | BI15: 2 | BJ15: 2 | BK15: 0.033364083 | BL15: 0.00018493334 | BM15: 0.0018615919 | BN15: 570 | BO15: 0.031191804 | BP15: 0.0001791473 | BQ15: 0.0018760259 | BR15: 570 | BS15: 0 | BT15: 0 | BU15: 0.0019713688 | BV15: 571 | CC15: 2 | CD15: 1
A16: 2_delay | B16: exp2_delay_D2_l05ms | C16: exp2_delay_d2_l05ms-20261029T192740Z | D16: container | E16: synthetic | F16: 2 | G16: 1 | H16: 2 | I16: 1 | J16: capability_proportional | K16: poc_small | L16: 45 | M16: 512 | N16: 0.070135441 | O16: 0.071151825 | P16: 33.294542 | Q16: 16.647271 | R16: 14.054453 | S16: 33.294542 | T16: 14.054453 | U16: 12.381958 | V16: 0.077233791 | W16: 0.083383262 | X16: 0.08035603 | Y16: 0.3660368 | Z16: 71 | AA16: 0 | AB16: 0 | AC16: 0 | AD16: 0.37189153 | AE16: 1.0854787 | AF16: sha256:01857acd68d2 | AG16: 42 | AH16: 32 | AI16: 8 | AJ16: 5 | AK16: 500 | AL16: 2000 | AM16: none | AN16: 0 | AO16: 0 | AP16: 28.516253 | AQ16: 28.516253 | AR16: 0.001016384 | AS16: 0 | AT16: 9.2763011 | AU16: 50.626787 | AV16: 41.350486 | AW16: 575 | AX16: 0.090529759 | AY16: 72 | AZ16: 0 | BC16: 1.1293601 | BD16: 512 | BE16: 0 | BF16: 12.381958 | BG16: 0.077233791 | BH16: 0.08035603 | BI16: 2 | BJ16: 2 | BK16: 0.032500692 | BL16: 0.00017417688 | BM16: 0.0018527531 | BN16: 512 | BO16: 0.032394416 | BP16: 0.00018670969 | BQ16: 0.0058941268 | BR16: 512 | BS16: 0 | BT16: 0 | BU16: 0.0059917779 | BV16: 512 | CC16: 2 | CD16: 5
A17: 2_delay | B17: exp2_delay_D2_l25ms | C17: exp2_delay_d2_l25ms-20261029T192837Z | D17: container | E17: synthetic | F17: 2 | G17: 1 | H17: 2 | I17: 1 | J17: capability_proportional | K17: poc_small | L17: 45 | M17: 339 | N17: 0.11013544 | O17: 0.11115183 | P17: 33.294542 | Q17: 16.647271 | R17: 8.9967034 | S17: 33.294542 | T17: 8.9967034 | U17: 8.1968213 | V17: 0.11724663 | W17: 0.12194462 | X17: 0.12145638 | Y17: 0.24534256 | Z17: 47 | AA17: 0 | AB17: 0 | AC17: 0 | AD17: 0.24619114 | AE17: 1.0548331 | AF17: sha256:01857acd68d2 | AG17: 42 | AH17: 32 | AI17: 8 | AJ17: 5 | AK17: 500 | AL17: 2000 | AM17: none | AN17: 0 | AO17: 0 | AP17: 18.159459 | AQ17: 18.159459 | AR17: 0.001016384 | AS17: 0 | AT17: 9.0664198 | AU17: 50.423915 | AV17: 41.357496 | AW17: 380 | AX17: 0.12984735 | AY17: 48 | AZ17: 0 | BC17: 1.092707 | BD17: 339 | BE17: 0 | BF17: 8.1968213 | BG17: 0.11724663 | BH17: 0.12145638 | BI17: 2 | BJ17: 2 | BK17: 0.033043829 | BL17: 0.00018020998 | BM17: 0.0037558409 | BN17: 339 | BO17: 0.031248087 | BP17: 0.00019086919 | BQ17: 0.026015626 | BR17: 339 | BS17: 0 | BT17: 0 | BU17: 0.025981632 | BV17: 339 | CC17: 2 | CD17: 25
A18: 2_delay | B18: exp2_delay_D2_l50ms | C18: exp2_delay_d2_l50ms-20261029T192933Z | D18: container | E18: synthetic | F18: 2 | G18: 1 | H18: 2 | I18: 1 | J18: capability_proportional | K18: poc_small | L18: 45 | M18: 239 | N18: 0.16013544 | O18: 0.16115183 | P18: 33.294542 | Q18: 16.647271 | R18: 6.2053284 | S18: 33.294542 | T18: 6.2053284 | U18: 5.6160938 | V18: 0.16732049 | W18: 0.17187557 | X18: 0.17815776 | Y18: 0.17329433 | Z18: 33 | AA18: 0 | AB18: 0 | AC18: 0 | AD18: 0.16867911 | AE18: 1.0382786 | AF18: sha256:01857acd68d2 | AG18: 42 | AH18: 32 | AI18: 8 | AJ18: 5 | AK18: 500 | AL18: 2000 | AM18: none | AN18: 0 | AO18: 0 | AP18: 12.489428 | AQ18: 12.489428 | AR18: 0.001016384 | AS18: 0 | AT18: 8.3589883 | AU18: 50.915258 | AV18: 42.55627 | AW18: 267 | AX18: 0.78543211 | AY18: 34 | AZ18: 0 | BC18: 1.1055274 | BD18: 239 | BE18: 0 | BF18: 5.6160938 | BG18: 0.16732049 | BH18: 0.17815776 | BI18: 0 | BJ18: 2 | BK18: 0.033838081 | BL18: 0.00018111798 | BM18: 0.0018577876 | BN18: 238 | BO18: 0.033792524 | BP18: 0.00019280182 | BQ18: 0.053607973 | BR18: 239 | BS18: 0 | BT18: 0 | BU18: 0.053580057 | BV18: 239 | CC18: 2 | CD18: 50
A19: 2_delay | B19: exp2_delay_D3_l01ms | C19: exp2_delay_d3_l01ms-20261029T193028Z | D19: container | E19: synthetic | F19: 3 | G19: 1 | H19: 3 | I19: 1 | J19: capability_proportional | K19: poc_small | L19: 45 | M19: 545 | N19: 0.063168209 | O19: 0.064184593 | P19: 49.941814 | Q19: 16.647271 | R19: 15.580063 | S19: 49.941814 | T19: 15.580063 | U19: 12.807065 | V19: 0.07255888 | W19: 0.078476286 | X19: 0.07777521 | Y19: 0.26393816 | Z19: 76 | AA19: 0 | AB19: 0 | AC19: 0 | AD19: 0.25643973 | AE19: 1.1304719 | AF19: sha256:01857acd68d2 | AG19: 42 | AH19: 32 | AI19: 8 | AJ19: 5 | AK19: 500 | AL19: 2000 | AM19: none | AN19: 0 | AO19: 0 | AP19: 47.492244 | AQ19: 47.492244 | AR19: 0.001016384 | AS19: 0 | AT19: 9.1683128 | AU19: 51.722948 | AV19: 42.554636 | AW19: 612 | AX19: 0.08260335 | AY19: 77 | AZ19: 0 | BC19: 1.2117427 | BD19: 545 | BE19: 0 | BF19: 12.807065 | BG19: 0.07255888 | BH19: 0.07777521 | BI19: 4 | BJ19: 3 | BK19: 0.021123272 | BL19: 0.00018843861 | BM19: 0.0018703491 | BN19: 545 | BO19: 0.023429478 | BP19: 0.00018239984 | BQ19: 0.0019155629 | BR19: 545 | BS19: 0.021126995 | BT19: 0.0001817572 | BU19: 0.0042307806 | BV19: 545 | BW19: 0 | BX19: 0 | BY19: 0.001935615 | BZ19: 545 | CC19: 3 | CD19: 1
A20: 2_delay | B20: exp2_delay_D3_l05ms | C20: exp2_delay_d3_l05ms-20261029T193126Z | D20: container | E20: synthetic | F20: 3 | G20: 1 | H20: 3 | I20: 1 | J20: capability_proportional | K20: poc_small | L20: 45 | M20: 471 | N20: 0.075168209 | O20: 0.076184593 | P20: 49.941814 | Q20: 16.647271 | R20: 13.126014 | S20: 49.941814 | T20: 13.126014 | U20: 11.404676 | V20: 0.084547043 | W20: 0.087400079 | X20: 0.087362488 | Y20: 0.22916735 | Z20: 66 | AA20: 0 | AB20: 0 | AC20: 0 | AD20: 0.22835927 | AE20: 1.1097656 | AF20: sha256:01857acd68d2 | AG20: 42 | AH20: 32 | AI20: 8 | AJ20: 5 | AK20: 500 | AL20: 2000 | AM20: none | AN20: 0 | AO20: 0 | AP20: 39.910489 | AQ20: 39.910489 | AR20: 0.001016384 | AS20: 0 | AT20: 9.4731286 | AU20: 50.771978 | AV20: 41.29885 | AW20: 529 | AX20: 0.090900421 | AY20: 67 | AZ20: 0 | BC20: 1.1467212 | BD20: 471 | BE20: 0 | BF20: 11.404676 | BG20: 0.084547043 | BH20: 0.087362488 | BI20: 2 | BJ20: 3 | BK20: 0.021142527 | BL20: 0.00018789713 | BM20: 0.0018654457 | BN20: 471 | BO20: 0.02113715 | BP20: 0.00018826564 | BQ20: 0.005932612 | BR20: 471 | BS20: 0.022460355 | BT20: 0.00018660329 | BU20: 0.0072237742 | BV20: 471 | BW20: 0 | BX20: 0 | BY20: 0.0059744244 | BZ20: 471 | CC20: 3 | CD20: 5
A21: 2_delay | B21: exp2_delay_D3_l25ms | C21: exp2_delay_d3_l25ms-20261029T193222Z | D21: container | E21: synthetic | F21: 3 | G21: 1 | H21: 3 | I21: 1 | J21: capability_proportional | K21: poc_small | L21: 45 | M21: 277 | N21: 0.13516821 | O21: 0.13618459 | P21: 49.941814 | Q21: 16.647271 | R21: 7.3429745 | S21: 49.941814 | T21: 7.3429745 | U21: 6.6925288 | V21: 0.14468408 | W21: 0.1483438 | X21: 0.14952055 | Y21: 0.13435503 | Z21: 38 | AA21: 0 | AB21: 0 | AC21: 0 | AD21: 0.13400652 | AE21: 1.0624115 | AF21: sha256:01857acd68d2 | AG21: 42 | AH21: 32 | AI21: 8 | AJ21: 5 | AK21: 500 | AL21: 2000 | AM21: none | AN21: 0 | AO21: 0 | AP21: 22.194568 | AQ21: 22.194568 | AR21: 0.001016384 | AS21: 0 | AT21: 9.1966119 | AU21: 50.586049 | AV21: 41.389437 | AW21: 309 | AX21: 0.15127467 | AY21: 39 | AZ21: 0 | BC21: 1.0979256 | BD21: 277 | BE21: 0 | BF21: 6.6925288 | BG21: 0.14468408 | BH21: 0.14952055 | BI21: 1 | BJ21: 3 | BK21: 0.021165158 | BL21: 0.00018621873 | BM21: 0.00189141 | BN21: 276 | BO21: 0.021156422 | BP21: 0.00019494606 | BQ21: 0.028242238 | BR21: 276 | BS21: 0.021158415 | BT21: 0.00020211354 | BU21: 0.025922371 | BV21: 277 | BW21: 0 | BX21: 0 | BY21: 0.028251869 | BZ21: 277 | CC21: 3 | CD21: 25
A22: 2_delay | B22: exp2_delay_D3_l50ms | C22: exp2_delay_d3_l50ms-20261029T193319Z | D22: container | E22: synthetic | F22: 3 | G22: 1 | H22: 3 | I22: 1 | J22: capability_proportional | K22: poc_small | L22: 45 | M22: 182 | N22: 0.21016821 | O22: 0.21118459 | P22: 49.941814 | Q22: 16.647271 | R22: 4.7351939 | S22: 49.941814 | T22: 4.7351939 | U22: 4.4129963 | V22: 0.219733 | W22: 0.22101436 | X22: 0.22653986 | Y22: 0.086986811 | Z22: 25 | AA22: 0 | AB22: 1 | AC22: 0 | AD22: 0.088362757 | AE22: 1.0404784 | AF22: sha256:01857acd68d2 | AG22: 42 | AH22: 32 | AI22: 8 | AJ22: 5 | AK22: 500 | AL22: 2000 | AM22: none | AN22: 0 | AO22: 0 | AP22: 14.274281 | AQ22: 14.274281 | AR22: 0.001016384 | AS22: 0 | AT22: 10.391806 | AU22: 51.633626 | AV22: 41.24182 | AW22: 202 | AX22: 0.22586895 | AY22: 26 | AZ22: 0 | BC22: 1.0727102 | BD22: 182 | BE22: 0 | BF22: 4.4129963 | BG22: 0.219733 | BH22: 0.22653986 | BI22: 1 | BJ22: 3 | BK22: 0.021179316 | BL22: 0.00017885192 | BM22: 0.0018579423 | BN22: 182 | BO22: 0.021105073 | BP22: 0.00019913453 | BQ22: 0.050972527 | BR22: 182 | BS22: 0.021130318 | BT22: 0.00022564485 | BU22: 0.054325873 | BV22: 182 | BW22: 0 | BX22: 0 | BY22: 0.054495441 | BZ22: 182 | CC22: 3 | CD22: 50
A23: 2_delay | B23: exp2_delay_D4_l01ms | C23: exp2_delay_d4_l01ms-20261029T193416Z | D23: container | E23: synthetic | F23: 4 | G23: 1 | H23: 4 | I23: 1 | J23: capability_proportional | K23: poc_small | L23: 45 | M23: 541 | N23: 0.064200977 | O23: 0.065217361 | P23: 66.589085 | Q23: 16.647271 | R23: 15.33334 | S23: 66.589085 | T23: 15.33334 | U23: 12.717202 | V23: 0.07541585 | W23: 0.081269741 | X23: 0.078182075 | Y23: 0.1951156 | Z23: 73 | AA23: 0 | AB23: 0 | AC23: 0 | AD23: 0.19098028 | AE23: 1.1563769 | AF23: sha256:01857acd68d2 | AG23: 42 | AH23: 32 | AI23: 8 | AJ23: 5 | AK23: 500 | AL23: 2000 | AM23: none | AN23: 0 | AO23: 0 | AP23: 62.304348 | AQ23: 62.304348 | AR23: 0.001016384 | AS23: 0 | AT23: 8.8667274 | AU23: 51.407532 | AV23: 42.540805 | AW23: 590 | AX23: 0.087764597 | AY23: 74 | AZ23: 0 | BC23: 1.1987924 | BD23: 541 | BE23: 0 | BF23: 12.717202 | BG23: 0.07541585 | BH23: 0.078182075 | BI23: 2 | BJ23: 4 | BK23: 0.017128745 | BL23: 0.00018058246 | BM23: 0.0018681409 | BN23: 541 | BO23: 0.015866333 | BP23: 0.00017633764 | BQ23: 0.0018785511 | BR23: 541 | BS23: 0.01706517 | BT23: 0.00018046259 | BU23: 0.0019008959 | BV23: 541 | BW23: 0.015861782 | BX23: 0.00017839086 | BY23: 0.0018932211 | BZ23: 541 | CC23: 4 | CD23: 1 | CE23: 0 | CF23: 0 | CG23: 0.0019264278 | CH23: 541
A24: 2_delay | B24: exp2_delay_D4_l05ms | C24: exp2_delay_d4_l05ms-20261029T193512Z | D24: container | E24: synthetic | F24: 4 | G24: 1 | H24: 4 | I24: 1 | J24: capability_proportional | K24: poc_small | L24: 45 | M24: 439 | N24: 0.080200977 | O24: 0.081217361 | P24: 66.589085 | Q24: 16.647271 | R24: 12.312638 | S24: 66.589085 | T24: 12.312638 | U24: 10.317189 | V24: 0.090736866 | W24: 0.094383883 | X24: 0.096541332 | Y24: 0.16347958 | Z24: 61 | AA24: 0 | AB24: 0 | AC24: 0 | AD24: 0.15493815 | AE24: 1.1172102 | AF24: sha256:01857acd68d2 | AG24: 42 | AH24: 32 | AI24: 8 | AJ24: 5 | AK24: 500 | AL24: 2000 | AM24: none | AN24: 0 | AO24: 0 | AP24: 49.874704 | AQ24: 49.874704 | AR24: 0.001016384 | AS24: 0 | AT24: 8.6590588 | AU24: 51.209407 | AV24: 42.550348 | AW24: 493 | AX24: 0.1023682 | AY24: 62 | AZ24: 0 | BC24: 1.1886785 | BD24: 439 | BE24: 0 | BF24: 10.317189 | BG24: 0.090736866 | BH24: 0.096541332 | BI24: 4 | BJ24: 4 | BK24: 0.015894411 | BL24: 0.00017702064 | BM24: 0.0018597779 | BN24: 439 | BO24: 0.015838231 | BP24: 0.00018185309 | BQ24: 0.0058824576 | BR24: 439 | BS24: 0.021479016 | BT24: 0.0001890491 | BU24: 0.0058887581 | BV24: 439 | BW24: 0.01586974 | BX24: 0.00018828442 | BY24: 0.0058987184 | BZ24: 439 | CC24: 4 | CD24: 5 | CE24: 0 | CF24: 0 | CG24: 0.0059383567 | CH24: 439
A25: 2_delay | B25: exp2_delay_D4_l25ms | C25: exp2_delay_d4_l25ms-20261029T193609Z | D25: container | E25: synthetic | F25: 4 | G25: 1 | H25: 4 | I25: 1 | J25: capability_proportional | K25: poc_small | L25: 45 | M25: 235 | N25: 0.16020098 | O25: 0.16121736 | P25: 66.589085 | Q25: 16.647271 | R25: 6.2028059 | S25: 66.589085 | T25: 6.2028059 | U25: 5.510645 | V25: 0.17083573 | W25: 0.1757952 | X25: 0.18147926 | Y25: 0.085394831 | Z25: 32 | AA25: 0 | AB25: 0 | AC25: 0 | AD25: 0.082755981 | AE25: 1.0596609 | AF25: sha256:01857acd68d2 | AG25: 42 | AH25: 32 | AI25: 8 | AJ25: 5 | AK25: 500 | AL25: 2000 | AM25: none | AN25: 0 | AO25: 0 | AP25: 24.968637 | AQ25: 24.968637 | AR25: 0.001016384 | AS25: 0 | AT25: 9.0899718 | AU25: 51.734707 | AV25: 42.644736 | AW25: 262 | AX25: 0.58655488 | AY25: 33 | AZ25: 0 | BC25: 1.1256806 | BD25: 235 | BE25: 0 | BF25: 5.510645 | BG25: 0.17083573 | BH25: 0.18147926 | BI25: 1 | BJ25: 4 | BK25: 0.015993844 | BL25: 0.00018865301 | BM25: 0.0018768879 | BN25: 235 | BO25: 0.018435747 | BP25: 0.00019263917 | BQ25: 0.025979995 | BR25: 235 | BS25: 0.015780855 | BT25: 0.0002178324 | BU25: 0.025917886 | BV25: 235 | BW25: 0.015747143 | BX25: 0.00020252492 | BY25: 0.028597146 | BZ25: 235 | CC25: 4 | CD25: 25 | CE25: 0 | CF25: 0 | CG25: 0.031287061 | CH25: 235
A26: 2_delay | B26: exp2_delay_D4_l50ms | C26: exp2_delay_d4_l50ms-20261029T193705Z | D26: container | E26: synthetic | F26: 4 | G26: 1 | H26: 4 | I26: 1 | J26: capability_proportional | K26: poc_small | L26: 45 | M26: 149 | N26: 0.26020098 | O26: 0.26121736 | P26: 66.589085 | Q26: 16.647271 | R26: 3.8282295 | S26: 66.589085 | T26: 3.8282295 | U26: 3.5987582 | V26: 0.27080488 | W26: 0.27282119 | X26: 0.27900461 | Y26: 0.05336188 | Z26: 20 | AA26: 0 | AB26: 1 | AC26: 0 | AD26: 0.054044266 | AE26: 1.0367032 | AF26: sha256:01857acd68d2 | AG26: 42 | AH26: 32 | AI26: 8 | AJ26: 5 | AK26: 500 | AL26: 2000 | AM26: none | AN26: 0 | AO26: 0 | AP26: 15.372732 | AQ26: 15.372732 | AR26: 0.001016384 | AS26: 0 | AT26: 10.350086 | AU26: 51.753257 | AV26: 41.40317 | AW26: 164 | AX26: 0.59498862 | AY26: 21 | AZ26: 0 | BC26: 1.0680937 | BD26: 149 | BE26: 0 | BF26: 3.5987582 | BG26: 0.27080488 | BH26: 0.27900461 | BI26: 0 | BJ26: 4 | BK26: 0.020125139 | BL26: 0.00018754843 | BM26: 0.0018785258 | BN26: 148 | BO26: 0.015786907 | BP26: 0.00020093209 | BQ26: 0.050960017 | BR26: 148 | BS26: 0.015738391 | BT26: 0.00020924452 | BU26: 0.050942026 | BV26: 148 | BW26: 0.015764283 | BX26: 0.00020514239 | BY26: 0.055109959 | BZ26: 149 | CC26: 4 | CD26: 50 | CE26: 0 | CF26: 0 | CG26: 0.050964211 | CH26: 149
A27: 2_delay | B27: exp2_delay_D6_l01ms | C27: exp2_delay_d6_l01ms-20261029T193803Z | D27: container | E27: synthetic | F27: 6 | G27: 1 | H27: 6 | I27: 1 | J27: capability_proportional | K27: poc_small | L27: 45 | M27: 511 | N27: 0.066266513 | O27: 0.067282897 | P27: 99.883627 | Q27: 16.647271 | R27: 14.862618 | S27: 99.883627 | T27: 14.862618 | U27: 12.372238 | V27: 0.076776743 | W27: 0.087267518 | X27: 0.080569857 | Y27: 0.12076116 | Z27: 71 | AA27: 0 | AB27: 0 | AC27: 0 | AD27: 0.12386652 | AE27: 1.1411034 | AF27: sha256:01857acd68d2 | AG27: 42 | AH27: 32 | AI27: 8 | AJ27: 5 | AK27: 500 | AL27: 2000 | AM27: none | AN27: 0 | AO27: 0 | AP27: 90.543469 | AQ27: 90.543469 | AR27: 0.001016384 | AS27: 0 | AT27: 10.097481 | AU27: 51.399629 | AV27: 41.302149 | AW27: 573 | AX27: 0.091689134 | AY27: 72 | AZ27: 0 | BC27: 1.197479 | BD27: 511 | BE27: 0 | BF27: 12.372238 | BG27: 0.076776743 | BH27: 0.080569857 | BI27: 2 | BJ27: 6 | BK27: 0.010276198 | BL27: 0.00017911219 | BM27: 0.0018436357 | BN27: 510 | BO27: 0.010278997 | BP27: 0.00017672614 | BQ27: 0.0018120018 | BR27: 510 | BS27: 0.011457248 | BT27: 0.00017748113 | BU27: 0.0018284858 | BV27: 510 | BW27: 0.010280312 | BX27: 0.00017581994 | BY27: 0.0018271695 | BZ27: 511 | CC27: 6 | CD27: 1 | CE27: 0.011478809 | CF27: 0.00017740069 | CG27: 0.0018179622 | CH27: 511 | CI27: 0.010279804 | CJ27: 0.00018265429 | CK27: 0.0018198653 | CL27: 511 | CM27: 0 | CN27: 0 | CO27: 0.0018826268 | CP27: 511
A28: 2_delay | B28: exp2_delay_D6_l05ms | C28: exp2_delay_d6_l05ms-20261029T193901Z | D28: container | E28: synthetic | F28: 6 | G28: 1 | H28: 6 | I28: 1 | J28: capability_proportional | K28: poc_small | L28: 45 | M28: 393 | N28: 0.090266513 | O28: 0.091282897 | P28: 99.883627 | Q28: 16.647271 | R28: 10.954955 | S28: 99.883627 | T28: 10.954955 | U28: 9.5239831 | V28: 0.10121822 | W28: 0.10516777 | X28: 0.10474171 | Y28: 0.093410995 | Z28: 55 | AA28: 0 | AB28: 0 | AC28: 0 | AD28: 0.095350794 | AE28: 1.1088411 | AF28: sha256:01857acd68d2 | AG28: 42 | AH28: 32 | AI28: 8 | AJ28: 5 | AK28: 500 | AL28: 2000 | AM28: none | AN28: 0 | AO28: 0 | AP28: 66.469832 | AQ28: 66.469832 | AR28: 0.001016384 | AS28: 0 | AT28: 10.376803 | AU28: 51.641051 | AV28: 41.264248 | AW28: 440 | AX28: 0.11104692 | AY28: 55 | AZ28: 0 | BC28: 1.1474407 | BD28: 393 | BE28: 0 | BF28: 9.5239831 | BG28: 0.10121822 | BH28: 0.10474171 | BI28: 2 | BJ28: 6 | BK28: 0.010284063 | BL28: 0.00017999934 | BM28: 0.0018893219 | BN28: 392 | BO28: 0.011865854 | BP28: 0.00018779781 | BQ28: 0.0058786839 | BR28: 392 | BS28: 0.010310661 | BT28: 0.00019077744 | BU28: 0.0058813424 | BV28: 392 | BW28: 0.01030007 | BX28: 0.00018451899 | BY28: 0.0058785292 | BZ28: 393 | CC28: 6 | CD28: 5 | CE28: 0.01180482 | CF28: 0.00018964166 | CG28: 0.005885615 | CH28: 393 | CI28: 0.010291933 | CJ28: 0.00018229497 | CK28: 0.0059115929 | CL28: 393 | CM28: 0 | CN28: 0 | CO28: 0.0059234222 | CP28: 393
A29: 2_delay | B29: exp2_delay_D6_l25ms | C29: exp2_delay_d6_l25ms-20261029T193959Z | D29: container | E29: synthetic | F29: 6 | G29: 1 | H29: 6 | I29: 1 | J29: capability_proportional | K29: poc_small | L29: 45 | M29: 187 | N29: 0.21026651 | O29: 0.2112829 | P29: 99.883627 | Q29: 16.647271 | R29: 4.7329908 | S29: 99.883627 | T29: 4.7329908 | U29: 4.3846835 | V29: 0.22140265 | W29: 0.22461908 | X29: 0.23501277 | Y29: 0.043163792 | Z29: 25 | AA29: 0 | AB29: 1 | AC29: 0 | AD29: 0.04389792 | AE29: 1.0478967 | AF29: sha256:01857acd68d2 | AG29: 42 | AH29: 32 | AI29: 8 | AJ29: 5 | AK29: 500 | AL29: 2000 | AM29: none | AN29: 0 | AO29: 0 | AP29: 28.535214 | AQ29: 28.535214 | AR29: 0.001016384 | AS29: 0 | AT29: 9.1818295 | AU29: 51.83029 | AV29: 42.648461 | AW29: 201 | AX29: 0.40619158 | AY29: 26 | AZ29: 0 | BC29: 1.1123133 | BD29: 187 | BE29: 0 | BF29: 4.3846835 | BG29: 0.22140265 | BH29: 0.23501277 | BI29: 2 | BJ29: 6 | BK29: 0.010297015 | BL29: 0.00018315546 | BM29: 0.00186687 | BN29: 186 | BO29: 0.010299671 | BP29: 0.00027005775 | BQ29: 0.025896417 | BR29: 186 | BS29: 0.010396796 | BT29: 0.00019750416 | BU29: 0.025897408 | BV29: 186 | BW29: 0.013590163 | BX29: 0.00019725677 | BY29: 0.025904547 | BZ29: 186 | CC29: 6 | CD29: 25 | CE29: 0.010281899 | CF29: 0.00019861415 | CG29: 0.029207865 | CH29: 187 | CI29: 0.010301237 | CJ29: 0.00019577225 | CK29: 0.02589601 | CL29: 187 | CM29: 0 | CN29: 0 | CO29: 0.029268655 | CP29: 187
A30: 2_delay | B30: exp2_delay_D6_l50ms | C30: exp2_delay_d6_l50ms-20261029T194056Z | D30: container | E30: synthetic | F30: 6 | G30: 1 | H30: 6 | I30: 1 | J30: capability_proportional | K30: poc_small | L30: 45 | M30: 108 | N30: 0.36026651 | O30: 0.3612829 | P30: 99.883627 | Q30: 16.647271 | R30: 2.767914 | S30: 99.883627 | T30: 2.767914 | U30: 2.5351176 | V30: 0.37147856 | W30: 0.37377145 | X30: 0.39452966 | Y30: 0.024375466 | Z30: 14 | AA30: 0 | AB30: 2 | AC30: 0 | AD30: 0.025380712 | AE30: 1.0282207 | AF30: sha256:01857acd68d2 | AG30: 42 | AH30: 32 | AI30: 8 | AJ30: 5 | AK30: 500 | AL30: 2000 | AM30: none | AN30: 0 | AO30: 0 | AP30: 16.654337 | AQ30: 16.654337 | AR30: 0.001016384 | AS30: 0 | AT30: 10.620003 | AU30: 53.221577 | AV30: 42.601574 | AW30: 118 | AX30: 1.5135282 | AY30: 15 | AZ30: 0 | BC30: 1.0920242 | BD30: 108 | BE30: 0 | BF30: 2.5351176 | BG30: 0.37147856 | BH30: 0.39452966 | BI30: 0 | BJ30: 6 | BK30: 0.010277311 | BL30: 0.00019411952 | BM30: 0.0018902025 | BN30: 107 | BO30: 0.010335551 | BP30: 0.0001998323 | BQ30: 0.050904927 | BR30: 108 | BS30: 0.010334143 | BT30: 0.00020576627 | BU30: 0.056574731 | BV30: 108 | BW30: 0.010279271 | BX30: 0.00020811734 | BY30: 0.056657813 | BZ30: 108 | CC30: 6 | CD30: 50 | CE30: 0.010274499 | CF30: 0.00019657833 | CG30: 0.05661035 | CH30: 108 | CI30: 0.01027498 | CJ30: 0.00021660769 | CK30: 0.056702782 | CL30: 108 | CM30: 0 | CN30: 0 | CO30: 0.050911941 | CP30: 108
A31: 4_failover | B31: exp4_failover_W1_hb0250 | C31: exp4_failover_w1_hb0250-20261029T194200Z | D31: container | E31: synthetic | F31: 3 | G31: 1 | H31: 3 | I31: 6 | J31: capability_proportional | K31: poc_small | L31: 50 | M31: 657 | N31: 0.075168209 | O31: 0.076184593 | P31: 49.941814 | Q31: 49.941814 | R31: 78.756081 | S31: 49.941814 | T31: 49.941814 | U31: 42.945149 | V31: 0.12750196 | W31: 0.1337184 | X31: 0.13943013 | Y31: 0.43803442 | Z31: 108 | AA31: 1183 | AB31: 7 | AC31: 0 | AD31: 0.85990368 | AE31: 1.6735925 | AF31: sha256:01857acd68d2 | AG31: 42 | AH31: 32 | AI31: 8 | AJ31: 5 | AK31: 250 | AL31: 1000 | AM31: schedule | AN31: 1 | AO31: 1 | AP31: 39.910489 | AQ31: 39.910489 | AR31: 0.001016384 | AS31: 0 | AT31: 8.9625356 | AU31: 24.26112 | AV31: 15.298585 | AW31: 885 | AX31: 0.7295739 | AY31: 1291 | AZ31: 15 | BA31: 0.67995095 | BC31: 1.8301618 | BD31: 657 | BE31: 0 | BF31: 42.945149 | BG31: 0.12750196 | BH31: 0.13943013 | BI31: 10 | BJ31: 3 | BK31: 0.022861319 | BL31: 0.035436642 | BM31: 0.0026843104 | BN31: 655 | BO31: 0.022874505 | BP31: 0.006143812 | BQ31: 0.0058533747 | BR31: 647 | BS31: 0.022695402 | BT31: 0.006431994 | BU31: 0.0067993909 | BV31: 657 | BW31: 0 | BX31: 0 | BY31: 0.0057782735 | BZ31: 657 | CB31: 500 | CQ31: 1 | CR31: 250 | CS31: W_x_heartbeat
A32: 4_failover | B32: exp4_failover_W1_hb0500 | C32: exp4_failover_w1_hb0500-20261029T194303Z | D32: container | E32: synthetic | F32: 3 | G32: 1 | H32: 3 | I32: 6 | J32: capability_proportional | K32: poc_small | L32: 50 | M32: 661 | N32: 0.075168209 | O32: 0.076184593 | P32: 49.941814 | Q32: 49.941814 | R32: 78.756081 | S32: 49.941814 | T32: 49.941814 | U32: 43.13578 | V32: 0.1285367 | W32: 0.13333321 | X32: 0.13896111 | Y32: 0.44998471 | Z32: 108 | AA32: 1155 | AB32: 0 | AC32: 0 | AD32: 0.86372074 | AE32: 1.6871745 | AF32: sha256:01857acd68d2 | AG32: 42 | AH32: 32 | AI32: 8 | AJ32: 5 | AK32: 500 | AL32: 2000 | AM32: schedule | AN32: 1 | AO32: 1 | AP32: 39.910489 | AQ32: 39.910489 | AR32: 0.001016384 | AS32: 0 | AT32: 8.4084132 | AU32: 23.732119 | AV32: 15.323706 | AW32: 888 | AX32: 0.67346172 | AY32: 1263 | AZ32: 21 | BA32: 1.3389103 | BC32: 1.8240055 | BD32: 661 | BE32: 0 | BF32: 43.13578 | BG32: 0.1285367 | BH32: 0.13896111 | BI32: 11 | BJ32: 3 | BK32: 0.022586877 | BL32: 0.001883415 | BM32: 0.0017495874 | BN32: 660 | BO32: 0.022927517 | BP32: 0.022955444 | BQ32: 0.0067931202 | BR32: 654 | BS32: 0.022903974 | BT32: 0.022358565 | BU32: 0.0067184459 | BV32: 660 | BW32: 0 | BX32: 0 | BY32: 0.0066004182 | BZ32: 661 | CB32: 500 | CQ32: 1 | CR32: 500 | CS32: W_x_heartbeat
A33: 4_failover | B33: exp4_failover_W1_hb1000 | C33: exp4_failover_w1_hb1000-20261029T194404Z | D33: container | E33: synthetic | F33: 3 | G33: 1 | H33: 3 | I33: 6 | J33: capability_proportional | K33: poc_small | L33: 50 | M33: 666 | N33: 0.075168209 | O33: 0.076184593 | P33: 49.941814 | Q33: 49.941814 | R33: 78.756081 | S33: 49.941814 | T33: 49.941814 | U33: 43.374328 | V33: 0.12672055 | W33: 0.13211071 | X33: 0.13810478 | Y33: 0.44756808 | Z33: 108 | AA33: 1081 | AB33: 0 | AC33: 0 | AD33: 0.86849725 | AE33: 1.6633356 | AF33: sha256:01857acd68d2 | AG33: 42 | AH33: 32 | AI33: 8 | AJ33: 5 | AK33: 1000 | AL33: 4000 | AM33: schedule | AN33: 1 | AO33: 1 | AP33: 39.910489 | AQ33: 39.910489 | AR33: 0.001016384 | AS33: 0 | AT33: 8.9920852 | AU33: 24.34679 | AV33: 15.354705 | AW33: 896 | AX33: 0.72764622 | AY33: 1189 | AZ33: 46 | BA33: 3.2179189 | BC33: 1.8127652 | BD33: 666 | BE33: 0 | BF33: 43.374328 | BG33: 0.12672055 | BH33: 0.13810478 | BI33: 10 | BJ33: 3 | BK33: 0.022770542 | BL33: 0.02245108 | BM33: 0.0027010215 | BN33: 665 | BO33: 0.022681266 | BP33: 0.00075369144 | BQ33: 0.0067690859 | BR33: 654 | BS33: 0.022784872 | BT33: 0.024093054 | BU33: 0.0058420009 | BV33: 666 | BW33: 0 | BX33: 0 | BY33: 0.0058279721 | BZ33: 666 | CB33: 500 | CQ33: 1 | CR33: 1000 | CS33: W_x_heartbeat
A34: 4_failover | B34: exp4_failover_W2_hb0250 | C34: exp4_failover_w2_hb0250-20261029T194506Z | D34: container | E34: synthetic | F34: 3 | G34: 2 | H34: 6 | I34: 6 | J34: capability_proportional | K34: poc_small | L34: 50 | M34: 2403 | N34: 0.075168209 | O34: 0.076184593 | P34: 99.883627 | Q34: 99.883627 | R34: 78.756081 | S34: 99.883627 | T34: 78.756081 | U34: 50.533967 | V34: 0.12492251 | W34: 0.13088069 | X34: 0.11838787 | Y34: 0.61034657 | Z34: 342 | AA34: 0 | AB34: 24 | AC34: 3 | AD34: 0.50592844 | AE34: 1.6397346 | AF34: sha256:01857acd68d2 | AG34: 42 | AH34: 32 | AI34: 8 | AJ34: 5 | AK34: 250 | AL34: 1000 | AM34: schedule | AN34: 1 | AO34: 1 | AP34: 39.910489 | AQ34: 79.820979 | AR34: 0.001016384 | AS34: 0 | AT34: 9.2433829 | AU34: 56.795557 | AV34: 47.552174 | AW34: 2748 | AX34: 0.69043259 | AY34: 347 | AZ34: 13 | BA34: 0.69779086 | BB34: 0.77799296 | BC34: 1.5539608 | BD34: 2395 | BE34: 0.77799296 | BF34: 51.203462 | BG34: 0.12492251 | BH34: 0.11756373 | BI34: 32 | BJ34: 6 | BK34: 0.022323576 | BL34: 0.00023778415 | BM34: 0.001751958 | BN34: 2413 | BO34: 0.022480137 | BP34: 0.026072328 | BQ34: 0.0060927921 | BR34: 2392 | BS34: 0.022100798 | BT34: 0.00023414877 | BU34: 0.0060682882 | BV34: 2403 | BW34: 0 | BX34: 0 | BY34: 0.0061464675 | BZ34: 2403 | CB34: 500 | CQ34: 2 | CR34: 250 | CS34: W_x_heartbeat
A35: 4_failover | B35: exp4_failover_W2_hb0500 | C35: exp4_failover_w2_hb0500-20261029T194610Z | D35: container | E35: synthetic | F35: 3 | G35: 2 | H35: 6 | I35: 6 | J35: capability_proportional | K35: poc_small | L35: 50 | M35: 2399 | N35: 0.075168209 | O35: 0.076184593 | P35: 99.883627 | Q35: 99.883627 | R35: 78.756081 | S35: 99.883627 | T35: 78.756081 | U35: 50.448397 | V35: 0.12486362 | W35: 0.13028769 | X35: 0.11791243 | Y35: 0.61005745 | Z35: 339 | AA35: 1 | AB35: 15 | AC35: 3 | AD35: 0.50507174 | AE35: 1.6389616 | AF35: sha256:01857acd68d2 | AG35: 42 | AH35: 32 | AI35: 8 | AJ35: 5 | AK35: 500 | AL35: 2000 | AM35: schedule | AN35: 1 | AO35: 1 | AP35: 39.910489 | AQ35: 79.820979 | AR35: 0.001016384 | AS35: 0 | AT35: 9.1033089 | AU35: 56.656852 | AV35: 47.553543 | AW35: 2744 | AX35: 0.6954985 | AY35: 346 | AZ35: 17 | BA35: 1.3194675 | BB35: 1.3955455 | BC35: 1.5477201 | BD35: 2382 | BE35: 1.3955455 | BF35: 51.605359 | BG35: 0.12487745 | BH35: 0.11657844 | BI35: 32 | BJ35: 6 | BK35: 0.022359023 | BL35: 0.00023685922 | BM35: 0.001734338 | BN35: 2413 | BO35: 0.022488423 | BP35: 0.025738184 | BQ35: 0.0058363618 | BR35: 2388 | BS35: 0.022356149 | BT35: 0.00019381234 | BU35: 0.0062982721 | BV35: 2399 | BW35: 0 | BX35: 0 | BY35: 0.0063718091 | BZ35: 2399 | CB35: 500 | CQ35: 2 | CR35: 500 | CS35: W_x_heartbeat
A36: 4_failover | B36: exp4_failover_W2_hb1000 | C36: exp4_failover_w2_hb1000-20261029T194714Z | D36: container | E36: synthetic | F36: 3 | G36: 2 | H36: 6 | I36: 6 | J36: capability_proportional | K36: poc_small | L36: 50 | M36: 2308 | N36: 0.075168209 | O36: 0.076184593 | P36: 99.883627 | Q36: 99.883627 | R36: 78.756081 | S36: 99.883627 | T36: 78.756081 | U36: 48.538037 | V36: 0.12439215 | W36: 0.13046049 | X36: 0.12231034 | Y36: 0.5894613 | Z36: 329 | AA36: 1 | AB36: 37 | AC36: 6 | AD36: 0.48594588 | AE36: 1.6327731 | AF36: sha256:01857acd68d2 | AG36: 42 | AH36: 32 | AI36: 8 | AJ36: 5 | AK36: 1000 | AL36: 4000 | AM36: schedule | AN36: 1 | AO36: 1 | AP36: 39.910489 | AQ36: 79.820979 | AR36: 0.001016384 | AS36: 0 | AT36: 9.2744782 | AU36: 56.824815 | AV36: 47.550337 | AW36: 2651 | AX36: 0.69052259 | AY36: 336 | AZ36: 39 | BA36: 3.6546748 | BB36: 3.6570249 | BC36: 1.6054472 | BD36: 2272 | BE36: 3.6570249 | BF36: 51.761872 | BG36: 0.12438965 | BH36: 0.11632635 | BI36: 44 | BJ36: 6 | BK36: 0.022120655 | BL36: 0.00049165329 | BM36: 0.0019928737 | BN36: 2344 | BO36: 0.022011292 | BP36: 0.025110639 | BQ36: 0.0063711598 | BR36: 2302 | BS36: 0.022437627 | BT36: 0.00021725996 | BU36: 0.0060409087 | BV36: 2308 | BW36: 0 | BX36: 0 | BY36: 0.00583323 | BZ36: 2308 | CB36: 500 | CQ36: 2 | CR36: 1000 | CS36: W_x_heartbeat
A37: 4_failover | B37: exp4_failover_W3_hb0250 | C37: exp4_failover_w3_hb0250-20261029T194817Z | D37: container | E37: synthetic | F37: 3 | G37: 3 | H37: 9 | I37: 6 | J37: capability_proportional | K37: poc_small | L37: 50 | M37: 3218 | N37: 0.075168209 | O37: 0.076184593 | P37: 149.82544 | Q37: 99.883627 | R37: 78.756081 | S37: 149.82544 | T37: 78.756081 | U37: 67.748959 | V37: 0.083804011 | W37: 0.088184011 | X37: 0.089171037 | Y37: 0.49052091 | Z37: 432 | AA37: 0 | AB37: 9 | AC37: 2 | AD37: 0.45218595 | AE37: 1.1000126 | AF37: sha256:01857acd68d2 | AG37: 42 | AH37: 32 | AI37: 8 | AJ37: 5 | AK37: 250 | AL37: 1000 | AM37: schedule | AN37: 1 | AO37: 1 | AP37: 39.910489 | AQ37: 119.73147 | AR37: 0.001016384 | AS37: 0 | AT37: 10.047988 | AU37: 57.546873 | AV37: 47.498885 | AW37: 3486 | AX37: 0.12502257 | AY37: 437 | AZ37: 9 | BA37: 0.48678398 | BB37: 0.4986937 | BC37: 1.1704602 | BD37: 3208 | BE37: 0.4986937 | BF37: 68.255041 | BG37: 0.083800077 | BH37: 0.088825561 | BI37: 25 | BJ37: 9 | BK37: 0.022365068 | BL37: 0.00026118415 | BM37: 0.0016852011 | BN37: 3224 | BO37: 0.0219583 | BP37: 0.0003519938 | BQ37: 0.005992259 | BR37: 3214 | BS37: 0.02167693 | BT37: 0.00019505515 | BU37: 0.0059789702 | BV37: 3217 | BW37: 0 | BX37: 0 | BY37: 0.0060129529 | BZ37: 3218 | CB37: 500 | CQ37: 3 | CR37: 250 | CS37: W_x_heartbeat
A38: 4_failover | B38: exp4_failover_W3_hb0500 | C38: exp4_failover_w3_hb0500-20261029T194922Z | D38: container | E38: synthetic | F38: 3 | G38: 3 | H38: 9 | I38: 6 | J38: capability_proportional | K38: poc_small | L38: 50 | M38: 3177 | N38: 0.075168209 | O38: 0.076184593 | P38: 149.82544 | Q38: 99.883627 | R38: 78.756081 | S38: 149.82544 | T38: 78.756081 | U38: 66.889216 | V38: 0.083982944 | W38: 0.088665009 | X38: 0.088933943 | Y38: 0.48120952 | Z38: 425 | AA38: 1 | AB38: 13 | AC38: 2 | AD38: 0.44644765 | AE38: 1.1023613 | AF38: sha256:01857acd68d2 | AG38: 42 | AH38: 32 | AI38: 8 | AJ38: 5 | AK38: 500 | AL38: 2000 | AM38: schedule | AN38: 1 | AO38: 1 | AP38: 39.910489 | AQ38: 119.73147 | AR38: 0.001016384 | AS38: 0 | AT38: 9.4405413 | AU38: 56.936986 | AV38: 47.496445 | AW38: 3435 | AX38: 0.095542784 | AY38: 432 | AZ38: 16 | BA38: 1.3712108 | BB38: 1.4027455 | BC38: 1.1673481 | BD38: 3152 | BE38: 1.4027455 | BF38: 68.382448 | BG38: 0.083975077 | BH38: 0.08753092 | BI38: 23 | BJ38: 9 | BK38: 0.021660927 | BL38: 0.00021517729 | BM38: 0.001699512 | BN38: 3187 | BO38: 0.021435458 | BP38: 0.0003214606 | BQ38: 0.0057998982 | BR38: 3170 | BS38: 0.021901365 | BT38: 0.00020211487 | BU38: 0.0059858963 | BV38: 3177 | BW38: 0 | BX38: 0 | BY38: 0.0060879284 | BZ38: 3177 | CB38: 500 | CQ38: 3 | CR38: 500 | CS38: W_x_heartbeat
A39: 4_failover | B39: exp4_failover_W3_hb1000 | C39: exp4_failover_w3_hb1000-20261029T195027Z | D39: container | E39: synthetic | F39: 3 | G39: 3 | H39: 9 | I39: 6 | J39: capability_proportional | K39: poc_small | L39: 50 | M39: 2971 | N39: 0.075168209 | O39: 0.076184593 | P39: 149.82544 | Q39: 99.883627 | R39: 78.756081 | S39: 149.82544 | T39: 78.756081 | U39: 64.213687 | V39: 0.083921909 | W39: 0.088715315 | X39: 0.093166868 | Y39: 0.4722936 | Z39: 411 | AA39: 0 | AB39: 36 | AC39: 6 | AD39: 0.42859001 | AE39: 1.1015601 | AF39: sha256:01857acd68d2 | AG39: 42 | AH39: 32 | AI39: 8 | AJ39: 5 | AK39: 1000 | AL39: 4000 | AM39: schedule | AN39: 1 | AO39: 1 | AP39: 39.910489 | AQ39: 119.73147 | AR39: 0.001016384 | AS39: 0 | AT39: 10.642791 | AU39: 56.910186 | AV39: 46.267395 | AW39: 3317 | AX39: 0.64379177 | AY39: 417 | AZ39: 35 | BA39: 3.7315283 | BB39: 3.751137 | BC39: 1.2229096 | BD39: 2907 | BE39: 3.751137 | BF39: 68.373845 | BG39: 0.083900213 | BH39: 0.087686314 | BI39: 44 | BJ39: 9 | BK39: 0.021474665 | BL39: 0.00022046885 | BM39: 0.0017017328 | BN39: 3004 | BO39: 0.021647936 | BP39: 0.00031217483 | BQ39: 0.0060022957 | BR39: 2968 | BS39: 0.021718746 | BT39: 0.00018592716 | BU39: 0.0057821645 | BV39: 2970 | BW39: 0 | BX39: 0 | BY39: 0.0060744195 | BZ39: 2971 | CB39: 500 | CQ39: 3 | CR39: 1000 | CS39: W_x_heartbeat
A40: 4_failover | B40: exp4_timeout_t0250 | C40: exp4_timeout_t0250-20261029T195132Z | D40: container | E40: synthetic | F40: 3 | G40: 2 | H40: 6 | I40: 6 | J40: capability_proportional | K40: poc_small | L40: 50 | M40: 2423 | N40: 0.075168209 | O40: 0.076184593 | P40: 99.883627 | Q40: 99.883627 | R40: 78.756081 | S40: 99.883627 | T40: 78.756081 | U40: 52.286781 | V40: 0.12444568 | W40: 0.13047085 | X40: 0.11365371 | Y40: 0.60674448 | Z40: 344 | AA40: 2 | AB40: 23 | AC40: 2 | AD40: 0.523477 | AE40: 1.6334756 | AF40: sha256:01857acd68d2 | AG40: 42 | AH40: 32 | AI40: 8 | AJ40: 5 | AK40: 500 | AL40: 2000 | AM40: schedule | AN40: 1 | AO40: 1 | AP40: 39.910489 | AQ40: 79.820979 | AR40: 0.001016384 | AS40: 0 | AT40: 10.378203 | AU40: 56.718787 | AV40: 46.340585 | AW40: 2768 | AX40: 0.3922705 | AY40: 350 | AZ40: 28 | BA40: 1.4750519 | BB40: 1.4923935 | BC40: 1.4918201 | BD40: 2399 | BE40: 1.4923935 | BF40: 53.491567 | BG40: 0.12445045 | BH40: 0.11217783 | BI40: 15 | BJ40: 6 | BK40: 0.021557056 | BL40: 0.000207535 | BM40: 0.0017404481 | BN40: 2448 | BO40: 0.021441453 | BP40: 0.024746113 | BQ40: 0.0058436872 | BR40: 2415 | BS40: 0.021586655 | BT40: 0.00019930298 | BU40: 0.0060356107 | BV40: 2423 | BW40: 0 | BX40: 0 | BY40: 0.0060468973 | BZ40: 2423 | CB40: 250 | CQ40: 2 | CR40: 500 | CS40: hop_timeout
A41: 4_failover | B41: exp4_timeout_t1000 | C41: exp4_timeout_t1000-20261029T195235Z | D41: container | E41: synthetic | F41: 3 | G41: 2 | H41: 6 | I41: 6 | J41: capability_proportional | K41: poc_small | L41: 50 | M41: 2386 | N41: 0.075168209 | O41: 0.076184593 | P41: 99.883627 | Q41: 99.883627 | R41: 78.756081 | S41: 99.883627 | T41: 78.756081 | U41: 51.534524 | V41: 0.12383413 | W41: 0.13036698 | X41: 0.11614275 | Y41: 0.59771978 | Z41: 337 | AA41: 0 | AB41: 15 | AC41: 3 | AD41: 0.51594566 | AE41: 1.6254485 | AF41: sha256:01857acd68d2 | AG41: 42 | AH41: 32 | AI41: 8 | AJ41: 5 | AK41: 500 | AL41: 2000 | AM41: schedule | AN41: 1 | AO41: 1 | AP41: 39.910489 | AQ41: 79.820979 | AR41: 0.001016384 | AS41: 0 | AT41: 10.312565 | AU41: 56.611625 | AV41: 46.29906 | AW41: 2729 | AX41: 0.13837408 | AY41: 342 | AZ41: 14 | BA41: 1.4748719 | BB41: 1.944124 | BC41: 1.5244913 | BD41: 2373 | BE41: 1.944124 | BF41: 53.500246 | BG41: 0.123842 | BH41: 0.11488047 | BI41: 18 | BJ41: 6 | BK41: 0.021574331 | BL41: 0.00021616187 | BM41: 0.0017188594 | BN41: 2396 | BO41: 0.021437883 | BP41: 0.024575262 | BQ41: 0.0058379838 | BR41: 2379 | BS41: 0.021596011 | BT41: 0.00021732754 | BU41: 0.0060251333 | BV41: 2384 | BW41: 0 | BX41: 0 | BY41: 0.0060463906 | BZ41: 2385 | CB41: 1000 | CQ41: 2 | CR41: 500 | CS41: hop_timeout
A42: 4_failover | B42: exp4_timeout_t2000 | C42: exp4_timeout_t2000-20261029T195339Z | D42: container | E42: synthetic | F42: 3 | G42: 2 | H42: 6 | I42: 6 | J42: capability_proportional | K42: poc_small | L42: 50 | M42: 2384 | N42: 0.075168209 | O42: 0.076184593 | P42: 99.883627 | Q42: 99.883627 | R42: 78.756081 | S42: 99.883627 | T42: 78.756081 | U42: 51.439964 | V42: 0.12415564 | W42: 0.12993997 | X42: 0.11630286 | Y42: 0.59724647 | Z42: 337 | AA42: 0 | AB42: 8 | AC42: 2 | AD42: 0.51499896 | AE42: 1.6296686 | AF42: sha256:01857acd68d2 | AG42: 42 | AH42: 32 | AI42: 8 | AJ42: 5 | AK42: 500 | AL42: 2000 | AM42: schedule | AN42: 1 | AO42: 1 | AP42: 39.910489 | AQ42: 79.820979 | AR42: 0.001016384 | AS42: 0 | AT42: 10.298964 | AU42: 56.644253 | AV42: 46.345289 | AW42: 2729 | AX42: 0.13336814 | AY42: 342 | AZ42: 7 | BA42: 1.3291893 | BB42: 1.8328507 | BC42: 1.5265929 | BD42: 2380 | BE42: 1.8328507 | BF42: 53.468201 | BG42: 0.12415802 | BH42: 0.11548744 | BI42: 16 | BJ42: 6 | BK42: 0.021583407 | BL42: 0.00024471077 | BM42: 0.001992575 | BN42: 2389 | BO42: 0.021223344 | BP42: 0.025204863 | BQ42: 0.0058196703 | BR42: 2376 | BS42: 0.021609833 | BT42: 0.00020067621 | BU42: 0.0057821479 | BV42: 2383 | BW42: 0 | BX42: 0 | BY42: 0.0057910555 | BZ42: 2384 | CB42: 2000 | CQ42: 2 | CR42: 500 | CS42: hop_timeout
A43: 4_failover | B43: exp4_timeout_t5000 | C43: exp4_timeout_t5000-20261029T195442Z | D43: container | E43: synthetic | F43: 3 | G43: 2 | H43: 6 | I43: 6 | J43: capability_proportional | K43: poc_small | L43: 50 | M43: 2294 | N43: 0.075168209 | O43: 0.076184593 | P43: 99.883627 | Q43: 99.883627 | R43: 78.756081 | S43: 99.883627 | T43: 78.756081 | U43: 49.540553 | V43: 0.12341022 | W43: 0.13004689 | X43: 0.12053927 | Y43: 0.57689191 | Z43: 328 | AA43: 0 | AB43: 9 | AC43: 8 | AD43: 0.49598272 | AE43: 1.6198843 | AF43: sha256:01857acd68d2 | AG43: 42 | AH43: 32 | AI43: 8 | AJ43: 5 | AK43: 500 | AL43: 2000 | AM43: schedule | AN43: 1 | AO43: 1 | AP43: 39.910489 | AQ43: 79.820979 | AR43: 0.001016384 | AS43: 0 | AT43: 10.277897 | AU43: 56.583396 | AV43: 46.305499 | AW43: 2638 | AX43: 0.13306697 | AY43: 333 | AZ43: 8 | BA43: 1.6424057 | BB43: 3.9053695 | BC43: 1.5822002 | BD43: 2289 | BE43: 3.9053695 | BF43: 53.985684 | BG43: 0.12343049 | BH43: 0.11896404 | BI43: 15 | BJ43: 6 | BK43: 0.021309674 | BL43: 0.00026222464 | BM43: 0.001746926 | BN43: 2298 | BO43: 0.021488795 | BP43: 0.023539932 | BQ43: 0.0060970987 | BR43: 2280 | BS43: 0.021595807 | BT43: 0.00018471266 | BU43: 0.0060514249 | BV43: 2294 | BW43: 0 | BX43: 0 | BY43: 0.0057907112 | BZ43: 2294 | CB43: 5000 | CQ43: 2 | CR43: 500 | CS43: hop_timeout
A44: 1s_concurrency_scale | B44: exp1s_scale_G0001 | C44: exp1s_scale_g0001-20261029T235751Z-virtual | D44: virtual | E44: synthetic | F44: 50 | G44: 20 | H44: 1000 | I44: 1 | J44: capability_proportional | K44: report_moe | L44: 180 | M44: 52 | N44: 3.0532768 | O44: 3.0543423 | P44: 333.33333 | Q44: 0.33333333 | R44: 0.32740272 | S44: 333.33333 | T44: 0.32740272 | U44: 0.33086669 | V44: 3.0545389 | W44: 3.0547356 | X44: 3.0545389 | Y44: 0.00098208033 | Z44: 14 | AA44: 0 | AB44: 0 | AC44: 0 | AD44: 0.00099260006 | AE44: 1.0000644 | AG44: 42 | AH44: 0 | AI44: 4 | AJ44: 20 | AK44: 1000 | AL44: 4000 | AM44: none | AN44: 0 | AO44: 0 | AP44: 16.375849 | AQ44: 327.51698 | AR44: 0.001065536 | AS44: 0 | AT44: 20 | AU44: 177.163 | AV44: 157.163 | AW44: 58 | AX44: 3.0547356 | AY44: 14 | AZ44: 0 | BC44: 1.0000644 | BD44: 52 | BE44: 0 | BF44: 0.33086669 | BG44: 3.0545389 | BH44: 3.0545389 | BI44: 0 | CA44: 1 | CT44: 1000 | CU44: 1000
A45: 1s_concurrency_scale | B45: exp1s_scale_G0010 | C45: exp1s_scale_g0010-20261029T235757Z-virtual | D45: virtual | E45: synthetic | F45: 50 | G45: 20 | H45: 1000 | I45: 10 | J45: capability_proportional | K45: report_moe | L45: 180 | M45: 520 | N45: 3.0532768 | O45: 3.0543423 | P45: 333.33333 | Q45: 3.3333333 | R45: 3.2740272 | S45: 333.33333 | T45: 3.2740272 | U45: 3.3086669 | V45: 3.0545389 | W45: 3.0547356 | X45: 3.0545389 | Y45: 0.0098208033 | Z45: 140 | AA45: 0 | AB45: 0 | AC45: 0 | AD45: 0.0099260006 | AE45: 1.0000644 | AG45: 42 | AH45: 0 | AI45: 4 | AJ45: 20 | AK45: 1000 | AL45: 4000 | AM45: none | AN45: 0 | AO45: 0 | AP45: 16.375849 | AQ45: 327.51698 | AR45: 0.001065536 | AS45: 0 | AT45: 20 | AU45: 177.163 | AV45: 157.163 | AW45: 580 | AX45: 3.0547356 | AY45: 140 | AZ45: 0 | BC45: 1.0000644 | BD45: 520 | BE45: 0 | BF45: 3.3086669 | BG45: 3.0545389 | BH45: 3.0545389 | BI45: 0 | CA45: 10 | CT45: 1000 | CU45: 1000
A46: 1s_concurrency_scale | B46: exp1s_scale_G0050 | C46: exp1s_scale_g0050-20261029T235803Z-virtual | D46: virtual | E46: synthetic | F46: 50 | G46: 20 | H46: 1000 | I46: 50 | J46: capability_proportional | K46: report_moe | L46: 180 | M46: 2600 | N46: 3.0532768 | O46: 3.0543423 | P46: 333.33333 | Q46: 16.666667 | R46: 16.370136 | S46: 333.33333 | T46: 16.370136 | U46: 16.530711 | V46: 3.0545389 | W46: 3.0547356 | X46: 3.0545389 | Y46: 0.049089802 | Z46: 700 | AA46: 0 | AB46: 0 | AC46: 0 | AD46: 0.049592133 | AE46: 1.0000644 | AG46: 42 | AH46: 0 | AI46: 4 | AJ46: 20 | AK46: 1000 | AL46: 4000 | AM46: none | AN46: 0 | AO46: 0 | AP46: 16.375849 | AQ46: 327.51698 | AR46: 0.001065536 | AS46: 0 | AT46: 20 | AU46: 177.28301 | AV46: 157.28301 | AW46: 2900 | AX46: 3.0547356 | AY46: 700 | AZ46: 0 | BC46: 1.0000644 | BD46: 2600 | BE46: 0 | BF46: 16.530711 | BG46: 3.0545389 | BH46: 3.0545389 | BI46: 0 | CA46: 50 | CT46: 1000 | CU46: 1000
A47: 1s_concurrency_scale | B47: exp1s_scale_G0100 | C47: exp1s_scale_g0100-20261029T235814Z-virtual | D47: virtual | E47: synthetic | F47: 50 | G47: 20 | H47: 1000 | I47: 100 | J47: capability_proportional | K47: report_moe | L47: 180 | M47: 5200 | N47: 3.0532768 | O47: 3.0543423 | P47: 333.33333 | Q47: 33.333333 | R47: 32.740272 | S47: 333.33333 | T47: 32.740272 | U47: 33.036213 | V47: 3.0545389 | W47: 3.0547356 | X47: 3.0545389 | Y47: 0.098139747 | Z47: 1400 | AA47: 0 | AB47: 0 | AC47: 0 | AD47: 0.09910864 | AE47: 1.0000644 | AG47: 42 | AH47: 0 | AI47: 4 | AJ47: 20 | AK47: 1000 | AL47: 4000 | AM47: none | AN47: 0 | AO47: 0 | AP47: 16.375849 | AQ47: 327.51698 | AR47: 0.001065536 | AS47: 0 | AT47: 20 | AU47: 177.40303 | AV47: 157.40303 | AW47: 5800 | AX47: 3.0547356 | AY47: 1400 | AZ47: 0 | BC47: 1.0000644 | BD47: 5200 | BE47: 0 | BF47: 33.036213 | BG47: 3.0545389 | BH47: 3.0545389 | BI47: 0 | CA47: 100 | CT47: 1000 | CU47: 1000
A48: 1s_concurrency_scale | B48: exp1s_scale_G0250 | C48: exp1s_scale_g0250-20261029T235831Z-virtual | D48: virtual | E48: synthetic | F48: 50 | G48: 20 | H48: 1000 | I48: 250 | J48: capability_proportional | K48: report_moe | L48: 180 | M48: 13000 | N48: 3.0532768 | O48: 3.0543423 | P48: 333.33333 | Q48: 83.333333 | R48: 81.850681 | S48: 333.33333 | T48: 81.850681 | U48: 82.339406 | V48: 3.0545389 | W48: 3.0547356 | X48: 3.0545389 | Y48: 0.24503581 | Z48: 3500 | AA48: 0 | AB48: 0 | AC48: 0 | AD48: 0.24701822 | AE48: 1.0000644 | AG48: 42 | AH48: 0 | AI48: 4 | AJ48: 20 | AK48: 1000 | AL48: 4000 | AM48: none | AN48: 0 | AO48: 0 | AP48: 16.375849 | AQ48: 327.51698 | AR48: 0.001065536 | AS48: 0 | AT48: 20 | AU48: 177.88309 | AV48: 157.88309 | AW48: 14500 | AX48: 3.0547356 | AY48: 3500 | AZ48: 0 | BC48: 1.0000644 | BD48: 13000 | BE48: 0 | BF48: 82.339406 | BG48: 3.0545389 | BH48: 3.0545389 | BI48: 0 | CA48: 250 | CT48: 1000 | CU48: 1000
A49: 1s_concurrency_scale | B49: exp1s_scale_G0500 | C49: exp1s_scale_g0500-20261029T235906Z-virtual | D49: virtual | E49: synthetic | F49: 50 | G49: 20 | H49: 1000 | I49: 500 | J49: capability_proportional | K49: report_moe | L49: 180 | M49: 26000 | N49: 3.0532768 | O49: 3.0543423 | P49: 333.33333 | Q49: 166.66667 | R49: 163.70136 | S49: 333.33333 | T49: 163.70136 | U49: 163.93113 | V49: 3.0545389 | W49: 3.0547356 | X49: 3.0545389 | Y49: 0.48903141 | Z49: 7000 | AA49: 0 | AB49: 0 | AC49: 0 | AD49: 0.4917934 | AE49: 1.0000644 | AG49: 42 | AH49: 0 | AI49: 4 | AJ49: 20 | AK49: 1000 | AL49: 4000 | AM49: none | AN49: 0 | AO49: 0 | AP49: 16.375849 | AQ49: 327.51698 | AR49: 0.001065536 | AS49: 0 | AT49: 20 | AU49: 178.60319 | AV49: 158.60319 | AW49: 29000 | AX49: 3.0547356 | AY49: 7000 | AZ49: 0 | BC49: 1.0000644 | BD49: 26000 | BE49: 0 | BF49: 163.93113 | BG49: 3.0545389 | BH49: 3.0545389 | BI49: 0 | CA49: 500 | CT49: 1000 | CU49: 1000
A50: 1s_concurrency_scale | B50: exp1s_scale_G1000 | C50: exp1s_scale_g1000-20261030T000013Z-virtual | D50: virtual | E50: synthetic | F50: 50 | G50: 20 | H50: 1000 | I50: 1000 | J50: capability_proportional | K50: report_moe | L50: 180 | M50: 52400 | N50: 3.0532768 | O50: 3.0543423 | P50: 333.33333 | Q50: 333.33333 | R50: 327.40272 | S50: 333.33333 | T50: 327.40272 | U50: 327.53405 | V50: 3.0544734 | W50: 3.0547356 | X50: 3.0545384 | Y50: 0.9740159 | Z50: 14000 | AA50: 0 | AB50: 0 | AC50: 0 | AD50: 0.98260215 | AE50: 1.0000429 | AG50: 42 | AH50: 0 | AI50: 4 | AJ50: 20 | AK50: 1000 | AL50: 4000 | AM50: none | AN50: 0 | AO50: 0 | AP50: 16.375849 | AQ50: 327.51698 | AR50: 0.001065536 | AS50: 0 | AT50: 20 | AU50: 179.98337 | AV50: 159.98337 | AW50: 57960 | AX50: 3.0547356 | AY50: 14000 | AZ50: 0 | BC50: 1.0000642 | BD50: 52400 | BE50: 0 | BF50: 327.53405 | BG50: 3.0544734 | BH50: 3.0545384 | BI50: 0 | CA50: 1000 | CT50: 1000 | CU50: 1000
A51: 1s_concurrency_scale | B51: exp1s_scale_G1500 | C51: exp1s_scale_g1500-20261030T000229Z-virtual | D51: virtual | E51: synthetic | F51: 50 | G51: 20 | H51: 1000 | I51: 1500 | J51: capability_proportional | K51: report_moe | L51: 180 | M51: 53320 | N51: 3.0532768 | O51: 3.0543423 | P51: 333.33333 | Q51: 333.33333 | R51: 491.10409 | S51: 333.33333 | T51: 333.33333 | U51: 333.36225 | V51: 4.500291 | W51: 4.500561 | X51: 4.5002931 | Y51: 0.99153108 | Z51: 13980 | AA51: 0 | AB51: 0 | AC51: 0 | AD51: 1.0000868 | AE51: 1.4734075 | AG51: 42 | AH51: 0 | AI51: 4 | AJ51: 20 | AK51: 1000 | AL51: 4000 | AM51: none | AN51: 0 | AO51: 0 | AP51: 16.375849 | AQ51: 327.51698 | AR51: 0.001065536 | AS51: 0 | AT51: 20 | AU51: 179.94612 | AV51: 159.94612 | AW51: 58980 | AX51: 4.5005872 | AY51: 13980 | AZ51: 0 | BC51: 1.4734082 | BD51: 53320 | BE51: 0 | BF51: 333.36225 | BG51: 4.500291 | BH51: 4.5002931 | BI51: 0 | CA51: 1500 | CT51: 1000 | CU51: 1000
A52: 1s_concurrency_scale | B52: exp1s_scale_G2000 | C52: exp1s_scale_g2000-20261030T000458Z-virtual | D52: virtual | E52: synthetic | F52: 50 | G52: 20 | H52: 1000 | I52: 2000 | J52: capability_proportional | K52: report_moe | L52: 180 | M52: 53320 | N52: 3.0532768 | O52: 3.0543423 | P52: 333.33333 | Q52: 333.33333 | R52: 654.80545 | S52: 333.33333 | T52: 333.33333 | U52: 333.36279 | V52: 6.0004037 | W52: 6.0007628 | X52: 6.0004033 | Y52: 0.99152892 | Z52: 14000 | AA52: 0 | AB52: 0 | AC52: 0 | AD52: 1.0000884 | AE52: 1.9645485 | AG52: 42 | AH52: 0 | AI52: 4 | AJ52: 20 | AK52: 1000 | AL52: 4000 | AM52: none | AN52: 0 | AO52: 0 | AP52: 16.375849 | AQ52: 327.51698 | AR52: 0.001065536 | AS52: 0 | AT52: 20 | AU52: 179.94587 | AV52: 159.94587 | AW52: 58980 | AX52: 6.0008467 | AY52: 14000 | AZ52: 0 | BC52: 1.9645484 | BD52: 53320 | BE52: 0 | BF52: 333.36279 | BG52: 6.0004037 | BH52: 6.0004033 | BI52: 0 | CA52: 2000 | CT52: 1000 | CU52: 1000

Sheet Data dictionary
A1: Data dictionary - every column, with units
A2: All 99 columns of the 'All runs' sheet. Generated from the data and checked for completeness: the build fails if any column lacks an entry. Per-event tables (hop, token_done, membership, recovery) are documented in docs/data-dictionary.md.
A4: column | B4: group | C4: units | D4: definition
A5: latency_ratio_meas_over_pred | B5: comparison | C5: ratio | D5: Measured MEAN / predicted. Contaminated by stalls; prefer the p50 ratio.
A6: latency_ratio_p50_over_pred | B6: comparison | C6: ratio | D6: Measured p50 / predicted T_token. Above the saturation knee this is not a model error: the prediction is unloaded latency and the measurement includes queueing.
A7: throughput_efficiency | B7: comparison | C7: ratio | D7: meas_throughput_tok_s / pred_x_max_tok_s. The report's 'throughput efficiency': the fraction of aggregate bandwidth converted into tokens.
A8: detection_s_mean | B8: failover | C8: seconds | D8: Mean interval from a fault being applied to the coordinator marking the node dead. Governed by the heartbeat interval and death threshold.
A9: recovery_s_mean | B9: failover | C9: seconds | D9: Mean interval from a fault to the first successful token routed around it AFTER detection. Governed by the client hop timeout, not by detection. Blank when the stage never recovered (W=1).
A10: experiment | B10: identity | C10: text | D10: Which planned experiment this run belongs to: 1_concurrency, 2_delay, 4_failover, 1s_concurrency_scale, 7_mode_check, or milestone.
A11: image_id | B11: identity | C11: text | D11: Docker image the containers ran. Lets a dataset spanning a rebuild be detected from the data rather than from memory.
A12: run_id | B12: identity | C12: text | D12: Unique identifier for one run. The join key: every per-event table in datasets/ carries this column.
A13: scenario | B13: identity | C13: text | D13: Scenario name, unique within an experiment. Encodes the sweep point, e.g. exp2_delay_D6_l25ms.
A14: seed | B14: identity | C14: count | D14: Random seed. Fixes churn draws, replica selection order and (in the virtual engine) link jitter, so a run is repeatable.
A15: failovers_total | B15: measurement | C15: count | D15: Retries that excluded a named failed node and re-routed around it.
... A103: steady_window_s | B103: window | C103: seconds | D103: steady_hi_s - steady_lo_s. The denominator of measured throughput.
